Workbook

Sheet 说明&简化逻辑
A1: Load Profile simplified intervention logic / 简化干预逻辑
A2: Purpose / 目的 | B2: Build a Germany-focused simulator that keeps Annual kWh + Monthly share + 24h share. No 8,760 hourly expansion.
A4: Factor / 因子 | B4: Options / 选项 | C4: Simplified logic (CN) | D4: Simplified logic (EN) | E4: Affects / 影响维度 | F4: Germany definition / 德国定义 | G4: Notes / 备注
A5: 居住占用模式 / Daytime Occupancy | B5: Mostly away / WFH / Always home | C5: 仅影响24小时分布，不改变年用电量和月度占比。09:00–17:00按选项系数调整（离家较多×0.6；WFH×1.4；一直有人在家×1.2），其余小时保持1.0，然后对全天24小时重新归一化。 | D5: Only changes the 24-hour shape; annual kWh and monthly share stay unchanged. Hours 09:00–17:00 are multiplied by the selected factor (mostly away ×0.6; WFH ×1.4; always home ×1.2), all other hours stay at 1.0, then the profile is normalized back to 100%. | E5: 24h shape only | F5: Daytime window = 09:00–17:00 | G5: Best for distinguishing day-heavy vs night-heavy households.
A6: 供暖/制冷系统 / Heating & Cooling System | B6: None / AC / Electric heating / Heat pump | C6: 决定是否启用冷暖季节修正，以及是否增加额外年电量。空调只重分配冷季月份和下午峰值，不增加年电量；电采暖和热泵会按系统基准热负荷增加年电量。 | D6: Controls whether cooling/heating seasonal reshaping is active and whether extra annual kWh is added. Air conditioning only redistributes load toward cooling months and cooling peak hours; it does not add annual kWh. Electric heating and heat pumps add extra annual kWh based on a base thermal load. | E6: Annual + Monthly + 24h | F6: Cooling season = Jun–Aug; Heating season = Oct–Apr | G6: Base thermal load used in this file: electric heating 3,000 kWh; heat pump 2,000 kWh.
A7: 冷暖使用强度 / Heating & Cooling Usage | B7: Low / Medium / High / Very high | C7: 使用强度决定三类系数：①年电量增量倍率；②冷暖季月份加强倍率；③冷暖峰时段加强倍率。强度越高，季节性和峰时段越明显。 | D7: Usage level controls three coefficient families: (1) annual extra-kWh multiplier, (2) seasonal month multipliers, and (3) peak-hour multipliers. Higher intensity creates stronger seasonal and within-day concentration. | E7: Annual + Monthly + 24h | F7: Applied only when a heating/cooling system is selected | G7: This workbook uses simplified Germany demo coefficients, documented below.
A8: 电动车年里程 / EV Annual Driving | B8: 0 / 5k / 10k / 15k / 20k / 25k+ km | C8: 按里程 × 0.18 kWh/km 计算电动车新增年电量。新增电量默认平均分摊到12个月，因此会轻微拉平月度占比。 | D8: EV annual kWh is calculated as mileage × 0.18 kWh/km. The added EV kWh is spread evenly across 12 months by default, which slightly flattens the monthly share pattern. | E8: Annual + Monthly | F8: EV efficiency = 0.18 kWh/km | G8: No direct 24h impact until a charging pattern is selected.
A9: EV充电习惯 / EV Charging Pattern | B9: Overnight / Mixed / Daytime / Solar-optimized | C9: 不改变年电量和月度占比，只影响24小时分布。系统会把EV日均电量叠加到相应时段后重新归一化。Solar-optimized在本文件中采用简化逻辑：80%按白天光伏代理曲线分配，20%回落到夜间。 | D9: Does not change annual kWh or monthly shares; only changes the 24-hour shape. The EV daily kWh is added to the selected charging window and then normalized. In this workbook, Solar-optimized is simplified to 80% following a daytime PV proxy shape and 20% shifted to overnight hours. | E9: 24h shape only | F9: Overnight = 22:00–05:00; Daytime = 10:00–15:00 | G9: This is an average-day representation, not a smart-charging dispatch model.
A12: Simplified coefficients / 简化系数
A13: Type | B13: Option | C13: CN summary | D13: EN summary | E13: Key values | F13: Applies to | G13: Comment
A14: Occupancy | B14: Mostly away during the day | C14: 白天系数0.6 | D14: Daytime factor 0.6 | E14: 09–17 ×0.6 | F14: 24h | G14: Night-heavy household
A15: Occupancy | B15: Working from home | C15: 白天系数1.4 | D15: Daytime factor 1.4 | E15: 09–17 ×1.4 | F15: 24h | G15: Day-heavy household
A16: Occupancy | B16: Someone always at home | C16: 白天系数1.2 | D16: Daytime factor 1.2 | E16: 09–17 ×1.2 | F16: 24h | G16: Moderately day-heavy
A17: Usage | B17: Low | C17: 低强度 | D17: Low intensity | E17: Annual ×0.7; Cool month ×1.05; Heat month ×1.08 | F17: Annual+Monthly+24h | G17: Demo simplification
A18: Usage | B18: Medium | C18: 中等强度 | D18: Medium intensity | E18: Annual ×1.0; Cool month ×1.10; Heat month ×1.15 | F18: Annual+Monthly+24h | G18: Default
A19: Usage | B19: High | C19: 高强度 | D19: High intensity | E19: Annual ×1.3; Cool month ×1.20; Heat month ×1.25 | F19: Annual+Monthly+24h | G19: Demo simplification
A20: Usage | B20: Very high | C20: 很高强度 | D20: Very high intensity | E20: Annual ×1.6; Cool month ×1.35; Heat month ×1.40 | F20: Annual+Monthly+24h | G20: Demo simplification
A21: Peak | B21: Cooling peak | C21: 冷峰时段 | D21: Cooling peak hours | E21: 14–19 × [1.10 / 1.20 / 1.35 / 1.50] | F21: 24h | G21: By usage level
A22: Peak | B22: Heating peak | C22: 热峰时段 | D22: Heating peak hours | E22: 06–09 & 18–22 × [1.08 / 1.15 / 1.25 / 1.40] | F22: 24h | G22: By usage level
A23: EV | B23: Mileage to kWh | C23: 按里程转电量 | D23: Mileage converted to kWh | E23: km × 0.18 | F23: Annual+Monthly | G23: Flat monthly add-on

Sheet DE_Base_Profile
A1: Germany Base Profile (based on uploaded file)
A2: Source | B2: https://www.bdew.de/energie/standardlastprofile-strom/
A3: Model note | B3: This workbook keeps the structure as Annual kWh + Monthly share + 24h share; no 8,760 expansion.
A5: Month | B5: Base Monthly Share | C5: Base kWh @ 3,500 | D5: Cooling Season Flag | E5: Heating Season Flag | F5: Comment | H5: Hour | I5: Base 24h Share | J5: Daytime Flag (09-17) | K5: Cooling Peak Flag (14-19) | L5: Heating Peak Flag (06-09 & 18-22) | M5: Solar PV Proxy | N5: Mostly overnight | O5: Mixed day and night | P5: Mostly daytime | Q5: Solar-optimized charging
A6: 1月 | B6: 0.0789 | C6: =3500*B6 -> 276.15 | D6: 0 | E6: 1 | F6: Heating season | H6: 0 | I6: 0.0301 | J6: 0 | K6: 0 | L6: 0 | M6: 0 | N6: 0.125 | O6: 0.075 | P6: 0 | Q6: 0.025
A7: 2月 | B7: 0.0791 | C7: =3500*B7 -> 276.85 | D7: 0 | E7: 1 | F7: Heating season | H7: 1 | I7: 0.0258 | J7: 0 | K7: 0 | L7: 0 | M7: 0 | N7: 0.125 | O7: 0.075 | P7: 0 | Q7: 0.025
A8: 3月 | B8: 0.0773 | C8: =3500*B8 -> 270.55 | D8: 0 | E8: 1 | F8: Heating season | H8: 2 | I8: 0.0239 | J8: 0 | K8: 0 | L8: 0 | M8: 0 | N8: 0.125 | O8: 0.075 | P8: 0 | Q8: 0.025
A9: 4月 | B9: 0.0822 | C9: =3500*B9 -> 287.7 | D9: 0 | E9: 1 | F9: Heating season | H9: 3 | I9: 0.0232 | J9: 0 | K9: 0 | L9: 0 | M9: 0 | N9: 0.125 | O9: 0.075 | P9: 0 | Q9: 0.025
A10: 5月 | B10: 0.0839 | C10: =3500*B10 -> 293.65 | D10: 0 | E10: 0 | F10: Shoulder month | H10: 4 | I10: 0.0236 | J10: 0 | K10: 0 | L10: 0 | M10: 0 | N10: 0.125 | O10: 0.075 | P10: 0 | Q10: 0.025
A11: 6月 | B11: 0.0876 | C11: =3500*B11 -> 306.6 | D11: 1 | E11: 0 | F11: Cooling season | H11: 5 | I11: 0.0252 | J11: 0 | K11: 0 | L11: 0 | M11: 0 | N11: 0.125 | O11: 0.075 | P11: 0 | Q11: 0.025
A12: 7月 | B12: 0.0917 | C12: =3500*B12 -> 320.95 | D12: 1 | E12: 0 | F12: Cooling season | H12: 6 | I12: 0.03 | J12: 0 | K12: 0 | L12: 1 | M12: 0 | N12: 0 | O12: 0 | P12: 0 | Q12: 0
A13: 8月 | B13: 0.0887 | C13: =3500*B13 -> 310.45 | D13: 1 | E13: 0 | F13: Cooling season | H13: 7 | I13: 0.0358 | J13: 0 | K13: 0 | L13: 1 | M13: 0 | N13: 0 | O13: 0 | P13: 0 | Q13: 0
A14: 9月 | B14: 0.0853 | C14: =3500*B14 -> 298.55 | D14: 0 | E14: 0 | F14: Shoulder month | H14: 8 | I14: 0.041 | J14: 0 | K14: 0 | L14: 1 | M14: 0 | N14: 0 | O14: 0 | P14: 0 | Q14: 0
A15: 10月 | B15: 0.0838 | C15: =3500*B15 -> 293.3 | D15: 0 | E15: 1 | F15: Heating season | H15: 9 | I15: 0.0446 | J15: 1 | K15: 0 | L15: 1 | M15: 0.05 | N15: 0 | O15: 0 | P15: 0 | Q15: 0.04
A16: 11月 | B16: 0.0819 | C16: =3500*B16 -> 286.65 | D16: 0 | E16: 1 | F16: Heating season | H16: 10 | I16: 0.0474 | J16: 1 | K16: 0 | L16: 0 | M16: 0.09 | N16: 0 | O16: 0.066666667 | P16: 0.16666667 | Q16: 0.072
A17: 12月 | B17: 0.0796 | C17: =3500*B17 -> 278.6 | D17: 0 | E17: 1 | F17: Heating season | H17: 11 | I17: 0.0518 | J17: 1 | K17: 0 | L17: 0 | M17: 0.13 | N17: 0 | O17: 0.066666667 | P17: 0.16666667 | Q17: 0.104
A18: Total | B18: =SUM(B6:B17) -> 1 | C18: =SUM(C6:C17) -> 3500 | H18: 12 | I18: 0.0513 | J18: 1 | K18: 0 | L18: 0 | M18: 0.16 | N18: 0 | O18: 0.066666667 | P18: 0.16666667 | Q18: 0.128
H19: 13 | I19: 0.0481 | J19: 1 | K19: 0 | L19: 0 | M19: 0.17 | N19: 0 | O19: 0.066666667 | P19: 0.16666667 | Q19: 0.136
H20: 14 | I20: 0.0459 | J20: 1 | K20: 1 | L20: 0 | M20: 0.16 | N20: 0 | O20: 0.066666667 | P20: 0.16666667 | Q20: 0.128
H21: 15 | I21: 0.0454 | J21: 1 | K21: 1 | L21: 0 | M21: 0.13 | N21: 0 | O21: 0.066666667 | P21: 0.16666667 | Q21: 0.104
H22: 16 | I22: 0.0475 | J22: 1 | K22: 1 | L22: 0 | M22: 0.11 | N22: 0 | O22: 0 | P22: 0 | Q22: 0.088
H23: 17 | I23: 0.0535 | J23: 1 | K23: 1 | L23: 0 | M23: 0 | N23: 0 | O23: 0 | P23: 0 | Q23: 0
H24: 18 | I24: 0.0587 | J24: 0 | K24: 1 | L24: 1 | M24: 0 | N24: 0 | O24: 0 | P24: 0 | Q24: 0
H25: 19 | I25: 0.0591 | J25: 0 | K25: 1 | L25: 1 | M25: 0 | N25: 0 | O25: 0 | P25: 0 | Q25: 0
H26: 20 | I26: 0.0556 | J26: 0 | K26: 0 | L26: 1 | M26: 0 | N26: 0 | O26: 0 | P26: 0 | Q26: 0
H27: 21 | I27: 0.0508 | J27: 0 | K27: 0 | L27: 1 | M27: 0 | N27: 0 | O27: 0 | P27: 0 | Q27: 0
H28: 22 | I28: 0.0451 | J28: 0 | K28: 0 | L28: 1 | M28: 0 | N28: 0.125 | O28: 0.075 | P28: 0 | Q28: 0.025
H29: 23 | I29: 0.0366 | J29: 0 | K29: 0 | L29: 0 | M29: 0 | N29: 0.125 | O29: 0.075 | P29: 0 | Q29: 0.025
H30: Total | I30: =SUM(I6:I29) -> 1 | N30: =SUM(N6:N29) -> 1 | O30: =SUM(O6:O29) -> 1 | P30: =SUM(P6:P29) -> 1 | Q30: =SUM(Q6:Q29) -> 1

Sheet DE_Simulator
A1: Germany Load Profile Simulator
A2: Use the drop-down cells in blue. Result = Annual kWh + Monthly share + 24h share, without 8,760 expansion.
A4: Base Annual Consumption (kWh) / 年总用电量 | B4: 3500 | F4: Usage multiplier | G4: =INDEX(DE_Lookups!$E$2:$E$5,MATCH($B$7,DE_Lookups!$D$2:$D$5,0)) -> 1 | I4: Result summary / 结果摘要
A5: Daytime Occupancy / 居住占用模式 | B5: Mostly away during the day | F5: Thermal extra annual kWh | G5: =IF(OR($B$6="Electric heating",$B$6="Heat pump (heating & cooling)"),INDEX(DE_Lookups!$L$2:$L$5,MATCH($B$6,DE_Lookups!$K$2:$K$5,0))*G4,0) -> 0 | I5: Monthly result = reshaped base monthly kWh + thermal extra + flat EV add-on
A6: Heating and Cooling System / 供暖/制冷系统 | B6: No heating or cooling system | F6: EV extra annual kWh | G6: =INDEX(DE_Lookups!$O$2:$O$7,MATCH($B$8,DE_Lookups!$N$2:$N$7,0))*0.18 -> 0 | I6: 24h result = reshaped non-EV daily load + EV daily charging shape
A7: Heating and Cooling Usage / 冷暖使用强度 | B7: Medium | F7: Final annual kWh | G7: =$B$4+$G$5+$G$6 -> 3500 | I7: Solar-optimized charging is simplified to 80% PV proxy + 20% overnight
A8: EV Annual Driving / 电动车年里程 | B8: No electric vehicle | F8: Cooling month multiplier | G8: =INDEX(DE_Lookups!$F$2:$F$5,MATCH($B$7,DE_Lookups!$D$2:$D$5,0)) -> 1.1
A9: EV Charging Pattern / EV充电习惯 | B9: Mostly overnight | F9: Heating month multiplier | G9: =INDEX(DE_Lookups!$G$2:$G$5,MATCH($B$7,DE_Lookups!$D$2:$D$5,0)) -> 1.15
F10: Cooling peak multiplier | G10: =INDEX(DE_Lookups!$H$2:$H$5,MATCH($B$7,DE_Lookups!$D$2:$D$5,0)) -> 1.2
F11: Heating peak multiplier | G11: =INDEX(DE_Lookups!$I$2:$I$5,MATCH($B$7,DE_Lookups!$D$2:$D$5,0)) -> 1.15
A13: Month | B13: Base Share | C13: Base kWh | D13: Seasonal Mult | E13: Reshaped Base kWh | F13: Thermal Weight | G13: Thermal Extra kWh | H13: EV Extra kWh | I13: Final kWh | J13: Final Share | K13: Δ vs Base Share | M13: Hour | N13: Base Share | O13: Occupancy Mult | P13: Peak Mult | Q13: Adj. Non-EV Share | R13: Non-EV kWh/day | S13: EV Share | T13: EV kWh/day | U13: Final kWh/day | V13: Final Share | W13: Δ vs Base Share
A14: 1月 | B14: =DE_Base_Profile!B6 -> 0.0789 | C14: =$B$4*B14 -> 276.15 | D14: =1+IF(OR($B$6="Air conditioning",$B$6="Heat pump (heating & cooling)"),IF(DE_Base_Profile!D6=1,$G$8-1,0),0)+IF(OR($B$6="Electric heating",$B$6="Heat pump (heating & cooling)"),IF(DE_Base_Profile!E6=1,$G$9-1,0),0) -> 1 | E14: =C14*D14 -> 276.15 | F14: =IF($B$6="Electric heating",IF(DE_Base_Profile!E6=1,B14*$G$9,0),IF($B$6="Heat pump (heating & cooling)",IF(DE_Base_Profile!D6=1,B14*$G$8,0)+IF(DE_Base_Profile!E6=1,B14*$G$9,0),0)) -> 0 | G14: =IF(SUM($F$14:$F$25)=0,0,$G$5*F14/SUM($F$14:$F$25)) -> 0 | H14: =$G$6/12 -> 0 | I14: =E14/SUM($E$14:$E$25)*$B$4+G14+H14 -> 276.15 | J14: =I14/$G$7 -> 0.0789 | K14: =J14-B14 -> 0 | M14: 0 | N14: =DE_Base_Profile!I6 -> 0.0301 | O14: =IF(DE_Base_Profile!J6=1,INDEX(DE_Lookups!$B$2:$B$4,MATCH($B$5,DE_Lookups!$A$2:$A$4,0)),1) -> 1 | P14: =IF(OR($B$6="Air conditioning",$B$6="Heat pump (heating & cooling)"),IF(DE_Base_Profile!K6=1,$G$10,1),1)*IF(OR($B$6="Electric heating",$B$6="Heat pump (heating & cooling)"),IF(DE_Base_Profile!L6=1,$G$11,1),1) -> 1 | Q14: =N14*O14*P14 -> 0.0301 | R14: =Q14/SUM($Q$14:$Q$37) -> 0.036449504 | S14: =(($B$4+$G$5)/365)*R14 -> 0.34951579 | T14: =INDEX(DE_Base_Profile!$N$6:$Q$29,ROW()-13,MATCH($B$9,DE_Base_Profile!$N$5:$Q$5,0)) -> 0.125 | U14: =($G$6/365)*T14 -> 0 | V14: =S14+U14 -> 0.34951579 | W14: =IF($G$7=0,0,V14/($G$7/365)) -> 0.036449504 | X14: =W14-N14 -> 0.0063495035
A15: 2月 | B15: =DE_Base_Profile!B7 -> 0.0791 | C15: =$B$4*B15 -> 276.85 | D15: =1+IF(OR($B$6="Air conditioning",$B$6="Heat pump (heating & cooling)"),IF(DE_Base_Profile!D7=1,$G$8-1,0),0)+IF(OR($B$6="Electric heating",$B$6="Heat pump (heating & cooling)"),IF(DE_Base_Profile!E7=1,$G$9-1,0),0) -> 1 | E15: =C15*D15 -> 276.85 | F15: =IF($B$6="Electric heating",IF(DE_Base_Profile!E7=1,B15*$G$9,0),IF($B$6="Heat pump (heating & cooling)",IF(DE_Base_Profile!D7=1,B15*$G$8,0)+IF(DE_Base_Profile!E7=1,B15*$G$9,0),0)) -> 0 | G15: =IF(SUM($F$14:$F$25)=0,0,$G$5*F15/SUM($F$14:$F$25)) -> 0 | H15: =$G$6/12 -> 0 | I15: =E15/SUM($E$14:$E$25)*$B$4+G15+H15 -> 276.85 | J15: =I15/$G$7 -> 0.0791 | K15: =J15-B15 -> 0 | M15: 1 | N15: =DE_Base_Profile!I7 -> 0.0258 | O15: =IF(DE_Base_Profile!J7=1,INDEX(DE_Lookups!$B$2:$B$4,MATCH($B$5,DE_Lookups!$A$2:$A$4,0)),1) -> 1 | P15: =IF(OR($B$6="Air conditioning",$B$6="Heat pump (heating & cooling)"),IF(DE_Base_Profile!K7=1,$G$10,1),1)*IF(OR($B$6="Electric heating",$B$6="Heat pump (heating & cooling)"),IF(DE_Base_Profile!L7=1,$G$11,1),1) -> 1 | Q15: =N15*O15*P15 -> 0.0258 | R15: =Q15/SUM($Q$14:$Q$37) -> 0.031242432 | S15: =(($B$4+$G$5)/365)*R15 -> 0.29958496 | T15: =INDEX(DE_Base_Profile!$N$6:$Q$29,ROW()-13,MATCH($B$9,DE_Base_Profile!$N$5:$Q$5,0)) -> 0.125 | U15: =($G$6/365)*T15 -> 0 | V15: =S15+U15 -> 0.29958496 | W15: =IF($G$7=0,0,V15/($G$7/365)) -> 0.031242432 | X15: =W15-N15 -> 0.0054424316
A16: 3月 | B16: =DE_Base_Profile!B8 -> 0.0773 | C16: =$B$4*B16 -> 270.55 | D16: =1+IF(OR($B$6="Air conditioning",$B$6="Heat pump (heating & cooling)"),IF(DE_Base_Profile!D8=1,$G$8-1,0),0)+IF(OR($B$6="Electric heating",$B$6="Heat pump (heating & cooling)"),IF(DE_Base_Profile!E8=1,$G$9-1,0),0) -> 1 | E16: =C16*D16 -> 270.55 | F16: =IF($B$6="Electric heating",IF(DE_Base_Profile!E8=1,B16*$G$9,0),IF($B$6="Heat pump (heating & cooling)",IF(DE_Base_Profile!D8=1,B16*$G$8,0)+IF(DE_Base_Profile!E8=1,B16*$G$9,0),0)) -> 0 | G16: =IF(SUM($F$14:$F$25)=0,0,$G$5*F16/SUM($F$14:$F$25)) -> 0 | H16: =$G$6/12 -> 0 | I16: =E16/SUM($E$14:$E$25)*$B$4+G16+H16 -> 270.55 | J16: =I16/$G$7 -> 0.0773 | K16: =J16-B16 -> 0 | M16: 2 | N16: =DE_Base_Profile!I8 -> 0.0239 | O16: =IF(DE_Base_Profile!J8=1,INDEX(DE_Lookups!$B$2:$B$4,MATCH($B$5,DE_Lookups!$A$2:$A$4,0)),1) -> 1 | P16: =IF(OR($B$6="Air conditioning",$B$6="Heat pump (heating & cooling)"),IF(DE_Base_Profile!K8=1,$G$10,1),1)*IF(OR($B$6="Electric heating",$B$6="Heat pump (heating & cooling)"),IF(DE_Base_Profile!L8=1,$G$11,1),1) -> 1 | Q16: =N16*O16*P16 -> 0.0239 | R16: =Q16/SUM($Q$14:$Q$37) -> 0.028941632 | S16: =(($B$4+$G$5)/365)*R16 -> 0.2775225 | T16: =INDEX(DE_Base_Profile!$N$6:$Q$29,ROW()-13,MATCH($B$9,DE_Base_Profile!$N$5:$Q$5,0)) -> 0.125 | U16: =($G$6/365)*T16 -> 0 | V16: =S16+U16 -> 0.2775225 | W16: =IF($G$7=0,0,V16/($G$7/365)) -> 0.028941632 | X16: =W16-N16 -> 0.0050416324
A17: 4月 | B17: =DE_Base_Profile!B9 -> 0.0822 | C17: =$B$4*B17 -> 287.7 | D17: =1+IF(OR($B$6="Air conditioning",$B$6="Heat pump (heating & cooling)"),IF(DE_Base_Profile!D9=1,$G$8-1,0),0)+IF(OR($B$6="Electric heating",$B$6="Heat pump (heating & cooling)"),IF(DE_Base_Profile!E9=1,$G$9-1,0),0) -> 1 | E17: =C17*D17 -> 287.7 | F17: =IF($B$6="Electric heating",IF(DE_Base_Profile!E9=1,B17*$G$9,0),IF($B$6="Heat pump (heating & cooling)",IF(DE_Base_Profile!D9=1,B17*$G$8,0)+IF(DE_Base_Profile!E9=1,B17*$G$9,0),0)) -> 0 | G17: =IF(SUM($F$14:$F$25)=0,0,$G$5*F17/SUM($F$14:$F$25)) -> 0 | H17: =$G$6/12 -> 0 | I17: =E17/SUM($E$14:$E$25)*$B$4+G17+H17 -> 287.7 | J17: =I17/$G$7 -> 0.0822 | K17: =J17-B17 -> 0 | M17: 3 | N17: =DE_Base_Profile!I9 -> 0.0232 | O17: =IF(DE_Base_Profile!J9=1,INDEX(DE_Lookups!$B$2:$B$4,MATCH($B$5,DE_Lookups!$A$2:$A$4,0)),1) -> 1 | P17: =IF(OR($B$6="Air conditioning",$B$6="Heat pump (heating & cooling)"),IF(DE_Base_Profile!K9=1,$G$10,1),1)*IF(OR($B$6="Electric heating",$B$6="Heat pump (heating & cooling)"),IF(DE_Base_Profile!L9=1,$G$11,1),1) -> 1 | Q17: =N17*O17*P17 -> 0.0232 | R17: =Q17/SUM($Q$14:$Q$37) -> 0.028093969 | S17: =(($B$4+$G$5)/365)*R17 -> 0.26939423 | T17: =INDEX(DE_Base_Profile!$N$6:$Q$29,ROW()-13,MATCH($B$9,DE_Base_Profile!$N$5:$Q$5,0)) -> 0.125 | U17: =($G$6/365)*T17 -> 0 | V17: =S17+U17 -> 0.26939423 | W17: =IF($G$7=0,0,V17/($G$7/365)) -> 0.028093969 | X17: =W17-N17 -> 0.0048939695
A18: 5月 | B18: =DE_Base_Profile!B10 -> 0.0839 | C18: =$B$4*B18 -> 293.65 | D18: =1+IF(OR($B$6="Air conditioning",$B$6="Heat pump (heating & cooling)"),IF(DE_Base_Profile!D10=1,$G$8-1,0),0)+IF(OR($B$6="Electric heating",$B$6="Heat pump (heating & cooling)"),IF(DE_Base_Profile!E10=1,$G$9-1,0),0) -> 1 | E18: =C18*D18 -> 293.65 | F18: =IF($B$6="Electric heating",IF(DE_Base_Profile!E10=1,B18*$G$9,0),IF($B$6="Heat pump (heating & cooling)",IF(DE_Base_Profile!D10=1,B18*$G$8,0)+IF(DE_Base_Profile!E10=1,B18*$G$9,0),0)) -> 0 | G18: =IF(SUM($F$14:$F$25)=0,0,$G$5*F18/SUM($F$14:$F$25)) -> 0 | H18: =$G$6/12 -> 0 | I18: =E18/SUM($E$14:$E$25)*$B$4+G18+H18 -> 293.65 | J18: =I18/$G$7 -> 0.0839 | K18: =J18-B18 -> 0 | M18: 4 | N18: =DE_Base_Profile!I10 -> 0.0236 | O18: =IF(DE_Base_Profile!J10=1,INDEX(DE_Lookups!$B$2:$B$4,MATCH($B$5,DE_Lookups!$A$2:$A$4,0)),1) -> 1 | P18: =IF(OR($B$6="Air conditioning",$B$6="Heat pump (heating & cooling)"),IF(DE_Base_Profile!K10=1,$G$10,1),1)*IF(OR($B$6="Electric heating",$B$6="Heat pump (heating & cooling)"),IF(DE_Base_Profile!L10=1,$G$11,1),1) -> 1 | Q18: =N18*O18*P18 -> 0.0236 | R18: =Q18/SUM($Q$14:$Q$37) -> 0.028578348 | S18: =(($B$4+$G$5)/365)*R18 -> 0.27403896 | T18: =INDEX(DE_Base_Profile!$N$6:$Q$29,ROW()-13,MATCH($B$9,DE_Base_Profile!$N$5:$Q$5,0)) -> 0.125 | U18: =($G$6/365)*T18 -> 0 | V18: =S18+U18 -> 0.27403896 | W18: =IF($G$7=0,0,V18/($G$7/365)) -> 0.028578348 | X18: =W18-N18 -> 0.0049783483
A19: 6月 | B19: =DE_Base_Profile!B11 -> 0.0876 | C19: =$B$4*B19 -> 306.6 | D19: =1+IF(OR($B$6="Air conditioning",$B$6="Heat pump (heating & cooling)"),IF(DE_Base_Profile!D11=1,$G$8-1,0),0)+IF(OR($B$6="Electric heating",$B$6="Heat pump (heating & cooling)"),IF(DE_Base_Profile!E11=1,$G$9-1,0),0) -> 1 | E19: =C19*D19 -> 306.6 | F19: =IF($B$6="Electric heating",IF(DE_Base_Profile!E11=1,B19*$G$9,0),IF($B$6="Heat pump (heating & cooling)",IF(DE_Base_Profile!D11=1,B19*$G$8,0)+IF(DE_Base_Profile!E11=1,B19*$G$9,0),0)) -> 0 | G19: =IF(SUM($F$14:$F$25)=0,0,$G$5*F19/SUM($F$14:$F$25)) -> 0 | H19: =$G$6/12 -> 0 | I19: =E19/SUM($E$14:$E$25)*$B$4+G19+H19 -> 306.6 | J19: =I19/$G$7 -> 0.0876 | K19: =J19-B19 -> 0 | M19: 5 | N19: =DE_Base_Profile!I11 -> 0.0252 | O19: =IF(DE_Base_Profile!J11=1,INDEX(DE_Lookups!$B$2:$B$4,MATCH($B$5,DE_Lookups!$A$2:$A$4,0)),1) -> 1 | P19: =IF(OR($B$6="Air conditioning",$B$6="Heat pump (heating & cooling)"),IF(DE_Base_Profile!K11=1,$G$10,1),1)*IF(OR($B$6="Electric heating",$B$6="Heat pump (heating & cooling)"),IF(DE_Base_Profile!L11=1,$G$11,1),1) -> 1 | Q19: =N19*O19*P19 -> 0.0252 | R19: =Q19/SUM($Q$14:$Q$37) -> 0.030515863 | S19: =(($B$4+$G$5)/365)*R19 -> 0.29261787 | T19: =INDEX(DE_Base_Profile!$N$6:$Q$29,ROW()-13,MATCH($B$9,DE_Base_Profile!$N$5:$Q$5,0)) -> 0.125 | U19: =($G$6/365)*T19 -> 0 | V19: =S19+U19 -> 0.29261787 | W19: =IF($G$7=0,0,V19/($G$7/365)) -> 0.030515863 | X19: =W19-N19 -> 0.0053158634
A20: 7月 | B20: =DE_Base_Profile!B12 -> 0.0917 | C20: =$B$4*B20 -> 320.95 | D20: =1+IF(OR($B$6="Air conditioning",$B$6="Heat pump (heating & cooling)"),IF(DE_Base_Profile!D12=1,$G$8-1,0),0)+IF(OR($B$6="Electric heating",$B$6="Heat pump (heating & cooling)"),IF(DE_Base_Profile!E12=1,$G$9-1,0),0) -> 1 | E20: =C20*D20 -> 320.95 | F20: =IF($B$6="Electric heating",IF(DE_Base_Profile!E12=1,B20*$G$9,0),IF($B$6="Heat pump (heating & cooling)",IF(DE_Base_Profile!D12=1,B20*$G$8,0)+IF(DE_Base_Profile!E12=1,B20*$G$9,0),0)) -> 0 | G20: =IF(SUM($F$14:$F$25)=0,0,$G$5*F20/SUM($F$14:$F$25)) -> 0 | H20: =$G$6/12 -> 0 | I20: =E20/SUM($E$14:$E$25)*$B$4+G20+H20 -> 320.95 | J20: =I20/$G$7 -> 0.0917 | K20: =J20-B20 -> 0 | M20: 6 | N20: =DE_Base_Profile!I12 -> 0.03 | O20: =IF(DE_Base_Profile!J12=1,INDEX(DE_Lookups!$B$2:$B$4,MATCH($B$5,DE_Lookups!$A$2:$A$4,0)),1) -> 1 | P20: =IF(OR($B$6="Air conditioning",$B$6="Heat pump (heating & cooling)"),IF(DE_Base_Profile!K12=1,$G$10,1),1)*IF(OR($B$6="Electric heating",$B$6="Heat pump (heating & cooling)"),IF(DE_Base_Profile!L12=1,$G$11,1),1) -> 1 | Q20: =N20*O20*P20 -> 0.03 | R20: =Q20/SUM($Q$14:$Q$37) -> 0.036328409 | S20: =(($B$4+$G$5)/365)*R20 -> 0.34835461 | T20: =INDEX(DE_Base_Profile!$N$6:$Q$29,ROW()-13,MATCH($B$9,DE_Base_Profile!$N$5:$Q$5,0)) -> 0 | U20: =($G$6/365)*T20 -> 0 | V20: =S20+U20 -> 0.34835461 | W20: =IF($G$7=0,0,V20/($G$7/365)) -> 0.036328409 | X20: =W20-N20 -> 0.0063284088
A21: 8月 | B21: =DE_Base_Profile!B13 -> 0.0887 | C21: =$B$4*B21 -> 310.45 | D21: =1+IF(OR($B$6="Air conditioning",$B$6="Heat pump (heating & cooling)"),IF(DE_Base_Profile!D13=1,$G$8-1,0),0)+IF(OR($B$6="Electric heating",$B$6="Heat pump (heating & cooling)"),IF(DE_Base_Profile!E13=1,$G$9-1,0),0) -> 1 | E21: =C21*D21 -> 310.45 | F21: =IF($B$6="Electric heating",IF(DE_Base_Profile!E13=1,B21*$G$9,0),IF($B$6="Heat pump (heating & cooling)",IF(DE_Base_Profile!D13=1,B21*$G$8,0)+IF(DE_Base_Profile!E13=1,B21*$G$9,0),0)) -> 0 | G21: =IF(SUM($F$14:$F$25)=0,0,$G$5*F21/SUM($F$14:$F$25)) -> 0 | H21: =$G$6/12 -> 0 | I21: =E21/SUM($E$14:$E$25)*$B$4+G21+H21 -> 310.45 | J21: =I21/$G$7 -> 0.0887 | K21: =J21-B21 -> 0 | M21: 7 | N21: =DE_Base_Profile!I13 -> 0.0358 | O21: =IF(DE_Base_Profile!J13=1,INDEX(DE_Lookups!$B$2:$B$4,MATCH($B$5,DE_Lookups!$A$2:$A$4,0)),1) -> 1 | P21: =IF(OR($B$6="Air conditioning",$B$6="Heat pump (heating & cooling)"),IF(DE_Base_Profile!K13=1,$G$10,1),1)*IF(OR($B$6="Electric heating",$B$6="Heat pump (heating & cooling)"),IF(DE_Base_Profile!L13=1,$G$11,1),1) -> 1 | Q21: =N21*O21*P21 -> 0.0358 | R21: =Q21/SUM($Q$14:$Q$37) -> 0.043351901 | S21: =(($B$4+$G$5)/365)*R21 -> 0.41570316 | T21: =INDEX(DE_Base_Profile!$N$6:$Q$29,ROW()-13,MATCH($B$9,DE_Base_Profile!$N$5:$Q$5,0)) -> 0 | U21: =($G$6/365)*T21 -> 0 | V21: =S21+U21 -> 0.41570316 | W21: =IF($G$7=0,0,V21/($G$7/365)) -> 0.043351901 | X21: =W21-N21 -> 0.0075519012
A22: 9月 | B22: =DE_Base_Profile!B14 -> 0.0853 | C22: =$B$4*B22 -> 298.55 | D22: =1+IF(OR($B$6="Air conditioning",$B$6="Heat pump (heating & cooling)"),IF(DE_Base_Profile!D14=1,$G$8-1,0),0)+IF(OR($B$6="Electric heating",$B$6="Heat pump (heating & cooling)"),IF(DE_Base_Profile!E14=1,$G$9-1,0),0) -> 1 | E22: =C22*D22 -> 298.55 | F22: =IF($B$6="Electric heating",IF(DE_Base_Profile!E14=1,B22*$G$9,0),IF($B$6="Heat pump (heating & cooling)",IF(DE_Base_Profile!D14=1,B22*$G$8,0)+IF(DE_Base_Profile!E14=1,B22*$G$9,0),0)) -> 0 | G22: =IF(SUM($F$14:$F$25)=0,0,$G$5*F22/SUM($F$14:$F$25)) -> 0 | H22: =$G$6/12 -> 0 | I22: =E22/SUM($E$14:$E$25)*$B$4+G22+H22 -> 298.55 | J22: =I22/$G$7 -> 0.0853 | K22: =J22-B22 -> 0 | M22: 8 | N22: =DE_Base_Profile!I14 -> 0.041 | O22: =IF(DE_Base_Profile!J14=1,INDEX(DE_Lookups!$B$2:$B$4,MATCH($B$5,DE_Lookups!$A$2:$A$4,0)),1) -> 1 | P22: =IF(OR($B$6="Air conditioning",$B$6="Heat pump (heating & cooling)"),IF(DE_Base_Profile!K14=1,$G$10,1),1)*IF(OR($B$6="Electric heating",$B$6="Heat pump (heating & cooling)"),IF(DE_Base_Profile!L14=1,$G$11,1),1) -> 1 | Q22: =N22*O22*P22 -> 0.041 | R22: =Q22/SUM($Q$14:$Q$37) -> 0.049648825 | S22: =(($B$4+$G$5)/365)*R22 -> 0.47608463 | T22: =INDEX(DE_Base_Profile!$N$6:$Q$29,ROW()-13,MATCH($B$9,DE_Base_Profile!$N$5:$Q$5,0)) -> 0 | U22: =($G$6/365)*T22 -> 0 | V22: =S22+U22 -> 0.47608463 | W22: =IF($G$7=0,0,V22/($G$7/365)) -> 0.049648825 | X22: =W22-N22 -> 0.0086488254
A23: 10月 | B23: =DE_Base_Profile!B15 -> 0.0838 | C23: =$B$4*B23 -> 293.3 | D23: =1+IF(OR($B$6="Air conditioning",$B$6="Heat pump (heating & cooling)"),IF(DE_Base_Profile!D15=1,$G$8-1,0),0)+IF(OR($B$6="Electric heating",$B$6="Heat pump (heating & cooling)"),IF(DE_Base_Profile!E15=1,$G$9-1,0),0) -> 1 | E23: =C23*D23 -> 293.3 | F23: =IF($B$6="Electric heating",IF(DE_Base_Profile!E15=1,B23*$G$9,0),IF($B$6="Heat pump (heating & cooling)",IF(DE_Base_Profile!D15=1,B23*$G$8,0)+IF(DE_Base_Profile!E15=1,B23*$G$9,0),0)) -> 0 | G23: =IF(SUM($F$14:$F$25)=0,0,$G$5*F23/SUM($F$14:$F$25)) -> 0 | H23: =$G$6/12 -> 0 | I23: =E23/SUM($E$14:$E$25)*$B$4+G23+H23 -> 293.3 | J23: =I23/$G$7 -> 0.0838 | K23: =J23-B23 -> 0 | M23: 9 | N23: =DE_Base_Profile!I15 -> 0.0446 | O23: =IF(DE_Base_Profile!J15=1,INDEX(DE_Lookups!$B$2:$B$4,MATCH($B$5,DE_Lookups!$A$2:$A$4,0)),1) -> 0.6 | P23: =IF(OR($B$6="Air conditioning",$B$6="Heat pump (heating & cooling)"),IF(DE_Base_Profile!K15=1,$G$10,1),1)*IF(OR($B$6="Electric heating",$B$6="Heat pump (heating & cooling)"),IF(DE_Base_Profile!L15=1,$G$11,1),1) -> 1 | Q23: =N23*O23*P23 -> 0.02676 | R23: =Q23/SUM($Q$14:$Q$37) -> 0.032404941 | S23: =(($B$4+$G$5)/365)*R23 -> 0.31073231 | T23: =INDEX(DE_Base_Profile!$N$6:$Q$29,ROW()-13,MATCH($B$9,DE_Base_Profile!$N$5:$Q$5,0)) -> 0 | U23: =($G$6/365)*T23 -> 0 | V23: =S23+U23 -> 0.31073231 | W23: =IF($G$7=0,0,V23/($G$7/365)) -> 0.032404941 | X23: =W23-N23 -> -0.012195059
A24: 11月 | B24: =DE_Base_Profile!B16 -> 0.0819 | C24: =$B$4*B24 -> 286.65 | D24: =1+IF(OR($B$6="Air conditioning",$B$6="Heat pump (heating & cooling)"),IF(DE_Base_Profile!D16=1,$G$8-1,0),0)+IF(OR($B$6="Electric heating",$B$6="Heat pump (heating & cooling)"),IF(DE_Base_Profile!E16=1,$G$9-1,0),0) -> 1 | E24: =C24*D24 -> 286.65 | F24: =IF($B$6="Electric heating",IF(DE_Base_Profile!E16=1,B24*$G$9,0),IF($B$6="Heat pump (heating & cooling)",IF(DE_Base_Profile!D16=1,B24*$G$8,0)+IF(DE_Base_Profile!E16=1,B24*$G$9,0),0)) -> 0 | G24: =IF(SUM($F$14:$F$25)=0,0,$G$5*F24/SUM($F$14:$F$25)) -> 0 | H24: =$G$6/12 -> 0 | I24: =E24/SUM($E$14:$E$25)*$B$4+G24+H24 -> 286.65 | J24: =I24/$G$7 -> 0.0819 | K24: =J24-B24 -> 0 | M24: 10 | N24: =DE_Base_Profile!I16 -> 0.0474 | O24: =IF(DE_Base_Profile!J16=1,INDEX(DE_Lookups!$B$2:$B$4,MATCH($B$5,DE_Lookups!$A$2:$A$4,0)),1) -> 0.6 | P24: =IF(OR($B$6="Air conditioning",$B$6="Heat pump (heating & cooling)"),IF(DE_Base_Profile!K16=1,$G$10,1),1)*IF(OR($B$6="Electric heating",$B$6="Heat pump (heating & cooling)"),IF(DE_Base_Profile!L16=1,$G$11,1),1) -> 1 | Q24: =N24*O24*P24 -> 0.02844 | R24: =Q24/SUM($Q$14:$Q$37) -> 0.034439332 | S24: =(($B$4+$G$5)/365)*R24 -> 0.33024017 | T24: =INDEX(DE_Base_Profile!$N$6:$Q$29,ROW()-13,MATCH($B$9,DE_Base_Profile!$N$5:$Q$5,0)) -> 0 | U24: =($G$6/365)*T24 -> 0 | V24: =S24+U24 -> 0.33024017 | W24: =IF($G$7=0,0,V24/($G$7/365)) -> 0.034439332 | X24: =W24-N24 -> -0.012960668
A25: 12月 | B25: =DE_Base_Profile!B17 -> 0.0796 | C25: =$B$4*B25 -> 278.6 | D25: =1+IF(OR($B$6="Air conditioning",$B$6="Heat pump (heating & cooling)"),IF(DE_Base_Profile!D17=1,$G$8-1,0),0)+IF(OR($B$6="Electric heating",$B$6="Heat pump (heating & cooling)"),IF(DE_Base_Profile!E17=1,$G$9-1,0),0) -> 1 | E25: =C25*D25 -> 278.6 | F25: =IF($B$6="Electric heating",IF(DE_Base_Profile!E17=1,B25*$G$9,0),IF($B$6="Heat pump (heating & cooling)",IF(DE_Base_Profile!D17=1,B25*$G$8,0)+IF(DE_Base_Profile!E17=1,B25*$G$9,0),0)) -> 0 | G25: =IF(SUM($F$14:$F$25)=0,0,$G$5*F25/SUM($F$14:$F$25)) -> 0 | H25: =$G$6/12 -> 0 | I25: =E25/SUM($E$14:$E$25)*$B$4+G25+H25 -> 278.6 | J25: =I25/$G$7 -> 0.0796 | K25: =J25-B25 -> 0 | M25: 11 | N25: =DE_Base_Profile!I17 -> 0.0518 | O25: =IF(DE_Base_Profile!J17=1,INDEX(DE_Lookups!$B$2:$B$4,MATCH($B$5,DE_Lookups!$A$2:$A$4,0)),1) -> 0.6 | P25: =IF(OR($B$6="Air conditioning",$B$6="Heat pump (heating & cooling)"),IF(DE_Base_Profile!K17=1,$G$10,1),1)*IF(OR($B$6="Electric heating",$B$6="Heat pump (heating & cooling)"),IF(DE_Base_Profile!L17=1,$G$11,1),1) -> 1 | Q25: =N25*O25*P25 -> 0.03108 | R25: =Q25/SUM($Q$14:$Q$37) -> 0.037636232 | S25: =(($B$4+$G$5)/365)*R25 -> 0.36089537 | T25: =INDEX(DE_Base_Profile!$N$6:$Q$29,ROW()-13,MATCH($B$9,DE_Base_Profile!$N$5:$Q$5,0)) -> 0 | U25: =($G$6/365)*T25 -> 0 | V25: =S25+U25 -> 0.36089537 | W25: =IF($G$7=0,0,V25/($G$7/365)) -> 0.037636232 | X25: =W25-N25 -> -0.014163768
A26: Total | B26: =SUM(B14:B25) -> 1 | C26: =SUM(C14:C25) -> 3500 | E26: =SUM(E14:E25) -> 3500 | F26: =SUM(F14:F25) -> 0 | G26: =SUM(G14:G25) -> 0 | H26: =SUM(H14:H25) -> 0 | I26: =SUM(I14:I25) -> 3500 | J26: =SUM(J14:J25) -> 1 | K26: =SUM(K14:K25) -> 0 | M26: 12 | N26: =DE_Base_Profile!I18 -> 0.0513 | O26: =IF(DE_Base_Profile!J18=1,INDEX(DE_Lookups!$B$2:$B$4,MATCH($B$5,DE_Lookups!$A$2:$A$4,0)),1) -> 0.6 | P26: =IF(OR($B$6="Air conditioning",$B$6="Heat pump (heating & cooling)"),IF(DE_Base_Profile!K18=1,$G$10,1),1)*IF(OR($B$6="Electric heating",$B$6="Heat pump (heating & cooling)"),IF(DE_Base_Profile!L18=1,$G$11,1),1) -> 1 | Q26: =N26*O26*P26 -> 0.03078 | R26: =Q26/SUM($Q$14:$Q$37) -> 0.037272947 | S26: =(($B$4+$G$5)/365)*R26 -> 0.35741182 | T26: =INDEX(DE_Base_Profile!$N$6:$Q$29,ROW()-13,MATCH($B$9,DE_Base_Profile!$N$5:$Q$5,0)) -> 0 | U26: =($G$6/365)*T26 -> 0 | V26: =S26+U26 -> 0.35741182 | W26: =IF($G$7=0,0,V26/($G$7/365)) -> 0.037272947 | X26: =W26-N26 -> -0.014027053
M27: 13 | N27: =DE_Base_Profile!I19 -> 0.0481 | O27: =IF(DE_Base_Profile!J19=1,INDEX(DE_Lookups!$B$2:$B$4,MATCH($B$5,DE_Lookups!$A$2:$A$4,0)),1) -> 0.6 | P27: =IF(OR($B$6="Air conditioning",$B$6="Heat pump (heating & cooling)"),IF(DE_Base_Profile!K19=1,$G$10,1),1)*IF(OR($B$6="Electric heating",$B$6="Heat pump (heating & cooling)"),IF(DE_Base_Profile!L19=1,$G$11,1),1) -> 1 | Q27: =N27*O27*P27 -> 0.02886 | R27: =Q27/SUM($Q$14:$Q$37) -> 0.034947929 | S27: =(($B$4+$G$5)/365)*R27 -> 0.33511713 | T27: =INDEX(DE_Base_Profile!$N$6:$Q$29,ROW()-13,MATCH($B$9,DE_Base_Profile!$N$5:$Q$5,0)) -> 0 | U27: =($G$6/365)*T27 -> 0 | V27: =S27+U27 -> 0.33511713 | W27: =IF($G$7=0,0,V27/($G$7/365)) -> 0.034947929 | X27: =W27-N27 -> -0.013152071
M28: 14 | N28: =DE_Base_Profile!I20 -> 0.0459 | O28: =IF(DE_Base_Profile!J20=1,INDEX(DE_Lookups!$B$2:$B$4,MATCH($B$5,DE_Lookups!$A$2:$A$4,0)),1) -> 0.6 | P28: =IF(OR($B$6="Air conditioning",$B$6="Heat pump (heating & cooling)"),IF(DE_Base_Profile!K20=1,$G$10,1),1)*IF(OR($B$6="Electric heating",$B$6="Heat pump (heating & cooling)"),IF(DE_Base_Profile!L20=1,$G$11,1),1) -> 1 | Q28: =N28*O28*P28 -> 0.02754 | R28: =Q28/SUM($Q$14:$Q$37) -> 0.033349479 | S28: =(($B$4+$G$5)/365)*R28 -> 0.31978953 | T28: =INDEX(DE_Base_Profile!$N$6:$Q$29,ROW()-13,MATCH($B$9,DE_Base_Profile!$N$5:$Q$5,0)) -> 0 | U28: =($G$6/365)*T28 -> 0 | V28: =S28+U28 -> 0.31978953 | W28: =IF($G$7=0,0,V28/($G$7/365)) -> 0.033349479 | X28: =W28-N28 -> -0.012550521
M29: 15 | N29: =DE_Base_Profile!I21 -> 0.0454 | O29: =IF(DE_Base_Profile!J21=1,INDEX(DE_Lookups!$B$2:$B$4,MATCH($B$5,DE_Lookups!$A$2:$A$4,0)),1) -> 0.6 | P29: =IF(OR($B$6="Air conditioning",$B$6="Heat pump (heating & cooling)"),IF(DE_Base_Profile!K21=1,$G$10,1),1)*IF(OR($B$6="Electric heating",$B$6="Heat pump (heating & cooling)"),IF(DE_Base_Profile!L21=1,$G$11,1),1) -> 1 | Q29: =N29*O29*P29 -> 0.02724 | R29: =Q29/SUM($Q$14:$Q$37) -> 0.032986195 | S29: =(($B$4+$G$5)/365)*R29 -> 0.31630598 | T29: =INDEX(DE_Base_Profile!$N$6:$Q$29,ROW()-13,MATCH($B$9,DE_Base_Profile!$N$5:$Q$5,0)) -> 0 | U29: =($G$6/365)*T29 -> 0 | V29: =S29+U29 -> 0.31630598 | W29: =IF($G$7=0,0,V29/($G$7/365)) -> 0.032986195 | X29: =W29-N29 -> -0.012413805
M30: 16 | N30: =DE_Base_Profile!I22 -> 0.0475 | O30: =IF(DE_Base_Profile!J22=1,INDEX(DE_Lookups!$B$2:$B$4,MATCH($B$5,DE_Lookups!$A$2:$A$4,0)),1) -> 0.6 | P30: =IF(OR($B$6="Air conditioning",$B$6="Heat pump (heating & cooling)"),IF(DE_Base_Profile!K22=1,$G$10,1),1)*IF(OR($B$6="Electric heating",$B$6="Heat pump (heating & cooling)"),IF(DE_Base_Profile!L22=1,$G$11,1),1) -> 1 | Q30: =N30*O30*P30 -> 0.0285 | R30: =Q30/SUM($Q$14:$Q$37) -> 0.034511988 | S30: =(($B$4+$G$5)/365)*R30 -> 0.33093687 | T30: =INDEX(DE_Base_Profile!$N$6:$Q$29,ROW()-13,MATCH($B$9,DE_Base_Profile!$N$5:$Q$5,0)) -> 0 | U30: =($G$6/365)*T30 -> 0 | V30: =S30+U30 -> 0.33093687 | W30: =IF($G$7=0,0,V30/($G$7/365)) -> 0.034511988 | X30: =W30-N30 -> -0.012988012
M31: 17 | N31: =DE_Base_Profile!I23 -> 0.0535 | O31: =IF(DE_Base_Profile!J23=1,INDEX(DE_Lookups!$B$2:$B$4,MATCH($B$5,DE_Lookups!$A$2:$A$4,0)),1) -> 0.6 | P31: =IF(OR($B$6="Air conditioning",$B$6="Heat pump (heating & cooling)"),IF(DE_Base_Profile!K23=1,$G$10,1),1)*IF(OR($B$6="Electric heating",$B$6="Heat pump (heating & cooling)"),IF(DE_Base_Profile!L23=1,$G$11,1),1) -> 1 | Q31: =N31*O31*P31 -> 0.0321 | R31: =Q31/SUM($Q$14:$Q$37) -> 0.038871397 | S31: =(($B$4+$G$5)/365)*R31 -> 0.37273943 | T31: =INDEX(DE_Base_Profile!$N$6:$Q$29,ROW()-13,MATCH($B$9,DE_Base_Profile!$N$5:$Q$5,0)) -> 0 | U31: =($G$6/365)*T31 -> 0 | V31: =S31+U31 -> 0.37273943 | W31: =IF($G$7=0,0,V31/($G$7/365)) -> 0.038871397 | X31: =W31-N31 -> -0.014628603
M32: 18 | N32: =DE_Base_Profile!I24 -> 0.0587 | O32: =IF(DE_Base_Profile!J24=1,INDEX(DE_Lookups!$B$2:$B$4,MATCH($B$5,DE_Lookups!$A$2:$A$4,0)),1) -> 1 | P32: =IF(OR($B$6="Air conditioning",$B$6="Heat pump (heating & cooling)"),IF(DE_Base_Profile!K24=1,$G$10,1),1)*IF(OR($B$6="Electric heating",$B$6="Heat pump (heating & cooling)"),IF(DE_Base_Profile!L24=1,$G$11,1),1) -> 1 | Q32: =N32*O32*P32 -> 0.0587 | R32: =Q32/SUM($Q$14:$Q$37) -> 0.071082587 | S32: =(($B$4+$G$5)/365)*R32 -> 0.68161384 | T32: =INDEX(DE_Base_Profile!$N$6:$Q$29,ROW()-13,MATCH($B$9,DE_Base_Profile!$N$5:$Q$5,0)) -> 0 | U32: =($G$6/365)*T32 -> 0 | V32: =S32+U32 -> 0.68161384 | W32: =IF($G$7=0,0,V32/($G$7/365)) -> 0.071082587 | X32: =W32-N32 -> 0.012382587
M33: 19 | N33: =DE_Base_Profile!I25 -> 0.0591 | O33: =IF(DE_Base_Profile!J25=1,INDEX(DE_Lookups!$B$2:$B$4,MATCH($B$5,DE_Lookups!$A$2:$A$4,0)),1) -> 1 | P33: =IF(OR($B$6="Air conditioning",$B$6="Heat pump (heating & cooling)"),IF(DE_Base_Profile!K25=1,$G$10,1),1)*IF(OR($B$6="Electric heating",$B$6="Heat pump (heating & cooling)"),IF(DE_Base_Profile!L25=1,$G$11,1),1) -> 1 | Q33: =N33*O33*P33 -> 0.0591 | R33: =Q33/SUM($Q$14:$Q$37) -> 0.071566965 | S33: =(($B$4+$G$5)/365)*R33 -> 0.68625857 | T33: =INDEX(DE_Base_Profile!$N$6:$Q$29,ROW()-13,MATCH($B$9,DE_Base_Profile!$N$5:$Q$5,0)) -> 0 | U33: =($G$6/365)*T33 -> 0 | V33: =S33+U33 -> 0.68625857 | W33: =IF($G$7=0,0,V33/($G$7/365)) -> 0.071566965 | X33: =W33-N33 -> 0.012466965
M34: 20 | N34: =DE_Base_Profile!I26 -> 0.0556 | O34: =IF(DE_Base_Profile!J26=1,INDEX(DE_Lookups!$B$2:$B$4,MATCH($B$5,DE_Lookups!$A$2:$A$4,0)),1) -> 1 | P34: =IF(OR($B$6="Air conditioning",$B$6="Heat pump (heating & cooling)"),IF(DE_Base_Profile!K26=1,$G$10,1),1)*IF(OR($B$6="Electric heating",$B$6="Heat pump (heating & cooling)"),IF(DE_Base_Profile!L26=1,$G$11,1),1) -> 1 | Q34: =N34*O34*P34 -> 0.0556 | R34: =Q34/SUM($Q$14:$Q$37) -> 0.067328651 | S34: =(($B$4+$G$5)/365)*R34 -> 0.6456172 | T34: =INDEX(DE_Base_Profile!$N$6:$Q$29,ROW()-13,MATCH($B$9,DE_Base_Profile!$N$5:$Q$5,0)) -> 0 | U34: =($G$6/365)*T34 -> 0 | V34: =S34+U34 -> 0.6456172 | W34: =IF($G$7=0,0,V34/($G$7/365)) -> 0.067328651 | X34: =W34-N34 -> 0.011728651
M35: 21 | N35: =DE_Base_Profile!I27 -> 0.0508 | O35: =IF(DE_Base_Profile!J27=1,INDEX(DE_Lookups!$B$2:$B$4,MATCH($B$5,DE_Lookups!$A$2:$A$4,0)),1) -> 1 | P35: =IF(OR($B$6="Air conditioning",$B$6="Heat pump (heating & cooling)"),IF(DE_Base_Profile!K27=1,$G$10,1),1)*IF(OR($B$6="Electric heating",$B$6="Heat pump (heating & cooling)"),IF(DE_Base_Profile!L27=1,$G$11,1),1) -> 1 | Q35: =N35*O35*P35 -> 0.0508 | R35: =Q35/SUM($Q$14:$Q$37) -> 0.061516106 | S35: =(($B$4+$G$5)/365)*R35 -> 0.58988046 | T35: =INDEX(DE_Base_Profile!$N$6:$Q$29,ROW()-13,MATCH($B$9,DE_Base_Profile!$N$5:$Q$5,0)) -> 0 | U35: =($G$6/365)*T35 -> 0 | V35: =S35+U35 -> 0.58988046 | W35: =IF($G$7=0,0,V35/($G$7/365)) -> 0.061516106 | X35: =W35-N35 -> 0.010716106
M36: 22 | N36: =DE_Base_Profile!I28 -> 0.0451 | O36: =IF(DE_Base_Profile!J28=1,INDEX(DE_Lookups!$B$2:$B$4,MATCH($B$5,DE_Lookups!$A$2:$A$4,0)),1) -> 1 | P36: =IF(OR($B$6="Air conditioning",$B$6="Heat pump (heating & cooling)"),IF(DE_Base_Profile!K28=1,$G$10,1),1)*IF(OR($B$6="Electric heating",$B$6="Heat pump (heating & cooling)"),IF(DE_Base_Profile!L28=1,$G$11,1),1) -> 1 | Q36: =N36*O36*P36 -> 0.0451 | R36: =Q36/SUM($Q$14:$Q$37) -> 0.054613708 | S36: =(($B$4+$G$5)/365)*R36 -> 0.52369309 | T36: =INDEX(DE_Base_Profile!$N$6:$Q$29,ROW()-13,MATCH($B$9,DE_Base_Profile!$N$5:$Q$5,0)) -> 0.125 | U36: =($G$6/365)*T36 -> 0 | V36: =S36+U36 -> 0.52369309 | W36: =IF($G$7=0,0,V36/($G$7/365)) -> 0.054613708 | X36: =W36-N36 -> 0.0095137079
M37: 23 | N37: =DE_Base_Profile!I29 -> 0.0366 | O37: =IF(DE_Base_Profile!J29=1,INDEX(DE_Lookups!$B$2:$B$4,MATCH($B$5,DE_Lookups!$A$2:$A$4,0)),1) -> 1 | P37: =IF(OR($B$6="Air conditioning",$B$6="Heat pump (heating & cooling)"),IF(DE_Base_Profile!K29=1,$G$10,1),1)*IF(OR($B$6="Electric heating",$B$6="Heat pump (heating & cooling)"),IF(DE_Base_Profile!L29=1,$G$11,1),1) -> 1 | Q37: =N37*O37*P37 -> 0.0366 | R37: =Q37/SUM($Q$14:$Q$37) -> 0.044320659 | S37: =(($B$4+$G$5)/365)*R37 -> 0.42499262 | T37: =INDEX(DE_Base_Profile!$N$6:$Q$29,ROW()-13,MATCH($B$9,DE_Base_Profile!$N$5:$Q$5,0)) -> 0.125 | U37: =($G$6/365)*T37 -> 0 | V37: =S37+U37 -> 0.42499262 | W37: =IF($G$7=0,0,V37/($G$7/365)) -> 0.044320659 | X37: =W37-N37 -> 0.0077206588
M38: Total | N38: =SUM(N14:N37) -> 1 | Q38: =SUM(Q14:Q37) -> 0.8258 | R38: =SUM(R14:R37) -> 1 | S38: =SUM(S14:S37) -> 9.5890411 | T38: =SUM(T14:T37) -> 1 | U38: =SUM(U14:U37) -> 0 | V38: =SUM(V14:V37) -> 9.5890411 | W38: =SUM(W14:W37) -> 1 | X38: =SUM(X14:X37) -> -6.9388939e-18
A40: Interpretation / 解读
A41: Monthly table shows how the annual load is distributed across 12 months after the selected load profile is applied.
A42: 24h table shows an average-day shape. It is not a dispatch model and does not expand to 8,760 hours.

Sheet DE_Option_Monthly
A1: Base annual kWh for comparison scenarios | B1: 3500
A2: Rows compare individual option values on top of the Germany base profile. Monthly outputs show final share and final kWh after simplification logic.
A3: Group | B3: Scenario | C3: Occupancy | D3: System | E3: Usage | F3: EV mileage | G3: EV charging | H3: Annual kWh | I3: 1月 share | J3: 2月 share | K3: 3月 share | L3: 4月 share | M3: 5月 share | N3: 6月 share | O3: 7月 share | P3: 8月 share | Q3: 9月 share | R3: 10月 share | S3: 11月 share | T3: 12月 share | U3: 1月 kWh | V3: 2月 kWh | W3: 3月 kWh | X3: 4月 kWh | Y3: 5月 kWh | Z3: 6月 kWh | AA3: 7月 kWh | AB3: 8月 kWh | AC3: 9月 kWh | AD3: 10月 kWh | AE3: 11月 kWh | AF3: 12月 kWh | AG3: Assumption / 注释
A4: Occupancy | B4: Mostly away during the day | C4: Mostly away during the day | D4: No heating or cooling system | E4: Medium | F4: No electric vehicle | G4: Mostly overnight | H4: =DE_Calc_Compare!H2 -> 3500 | I4: =DE_Calc_Compare!J4 -> 0.0789 | J4: =DE_Calc_Compare!J5 -> 0.0791 | K4: =DE_Calc_Compare!J6 -> 0.0773 | L4: =DE_Calc_Compare!J7 -> 0.0822 | M4: =DE_Calc_Compare!J8 -> 0.0839 | N4: =DE_Calc_Compare!J9 -> 0.0876 | O4: =DE_Calc_Compare!J10 -> 0.0917 | P4: =DE_Calc_Compare!J11 -> 0.0887 | Q4: =DE_Calc_Compare!J12 -> 0.0853 | R4: =DE_Calc_Compare!J13 -> 0.0838 | S4: =DE_Calc_Compare!J14 -> 0.0819 | T4: =DE_Calc_Compare!J15 -> 0.0796 | U4: =DE_Calc_Compare!I4 -> 276.15 | V4: =DE_Calc_Compare!I5 -> 276.85 | W4: =DE_Calc_Compare!I6 -> 270.55 | X4: =DE_Calc_Compare!I7 -> 287.7 | Y4: =DE_Calc_Compare!I8 -> 293.65 | Z4: =DE_Calc_Compare!I9 -> 306.6 | AA4: =DE_Calc_Compare!I10 -> 320.95 | AB4: =DE_Calc_Compare!I11 -> 310.45 | AC4: =DE_Calc_Compare!I12 -> 298.55 | AD4: =DE_Calc_Compare!I13 -> 293.3 | AE4: =DE_Calc_Compare!I14 -> 286.65 | AF4: =DE_Calc_Compare!I15 -> 278.6 | AG4: No HVAC / no EV
A5: Occupancy | B5: Working from home | C5: Working from home | D5: No heating or cooling system | E5: Medium | F5: No electric vehicle | G5: Mostly overnight | H5: =DE_Calc_Compare!H47 -> 3500 | I5: =DE_Calc_Compare!J49 -> 0.0789 | J5: =DE_Calc_Compare!J50 -> 0.0791 | K5: =DE_Calc_Compare!J51 -> 0.0773 | L5: =DE_Calc_Compare!J52 -> 0.0822 | M5: =DE_Calc_Compare!J53 -> 0.0839 | N5: =DE_Calc_Compare!J54 -> 0.0876 | O5: =DE_Calc_Compare!J55 -> 0.0917 | P5: =DE_Calc_Compare!J56 -> 0.0887 | Q5: =DE_Calc_Compare!J57 -> 0.0853 | R5: =DE_Calc_Compare!J58 -> 0.0838 | S5: =DE_Calc_Compare!J59 -> 0.0819 | T5: =DE_Calc_Compare!J60 -> 0.0796 | U5: =DE_Calc_Compare!I49 -> 276.15 | V5: =DE_Calc_Compare!I50 -> 276.85 | W5: =DE_Calc_Compare!I51 -> 270.55 | X5: =DE_Calc_Compare!I52 -> 287.7 | Y5: =DE_Calc_Compare!I53 -> 293.65 | Z5: =DE_Calc_Compare!I54 -> 306.6 | AA5: =DE_Calc_Compare!I55 -> 320.95 | AB5: =DE_Calc_Compare!I56 -> 310.45 | AC5: =DE_Calc_Compare!I57 -> 298.55 | AD5: =DE_Calc_Compare!I58 -> 293.3 | AE5: =DE_Calc_Compare!I59 -> 286.65 | AF5: =DE_Calc_Compare!I60 -> 278.6 | AG5: No HVAC / no EV
A6: Occupancy | B6: Someone always at home | C6: Someone always at home | D6: No heating or cooling system | E6: Medium | F6: No electric vehicle | G6: Mostly overnight | H6: =DE_Calc_Compare!H92 -> 3500 | I6: =DE_Calc_Compare!J94 -> 0.0789 | J6: =DE_Calc_Compare!J95 -> 0.0791 | K6: =DE_Calc_Compare!J96 -> 0.0773 | L6: =DE_Calc_Compare!J97 -> 0.0822 | M6: =DE_Calc_Compare!J98 -> 0.0839 | N6: =DE_Calc_Compare!J99 -> 0.0876 | O6: =DE_Calc_Compare!J100 -> 0.0917 | P6: =DE_Calc_Compare!J101 -> 0.0887 | Q6: =DE_Calc_Compare!J102 -> 0.0853 | R6: =DE_Calc_Compare!J103 -> 0.0838 | S6: =DE_Calc_Compare!J104 -> 0.0819 | T6: =DE_Calc_Compare!J105 -> 0.0796 | U6: =DE_Calc_Compare!I94 -> 276.15 | V6: =DE_Calc_Compare!I95 -> 276.85 | W6: =DE_Calc_Compare!I96 -> 270.55 | X6: =DE_Calc_Compare!I97 -> 287.7 | Y6: =DE_Calc_Compare!I98 -> 293.65 | Z6: =DE_Calc_Compare!I99 -> 306.6 | AA6: =DE_Calc_Compare!I100 -> 320.95 | AB6: =DE_Calc_Compare!I101 -> 310.45 | AC6: =DE_Calc_Compare!I102 -> 298.55 | AD6: =DE_Calc_Compare!I103 -> 293.3 | AE6: =DE_Calc_Compare!I104 -> 286.65 | AF6: =DE_Calc_Compare!I105 -> 278.6 | AG6: No HVAC / no EV
A7: Heating/Cooling System | B7: No heating or cooling system | C7: Mostly away during the day | D7: No heating or cooling system | E7: Medium | F7: No electric vehicle | G7: Mostly overnight | H7: =DE_Calc_Compare!H137 -> 3500 | I7: =DE_Calc_Compare!J139 -> 0.0789 | J7: =DE_Calc_Compare!J140 -> 0.0791 | K7: =DE_Calc_Compare!J141 -> 0.0773 | L7: =DE_Calc_Compare!J142 -> 0.0822 | M7: =DE_Calc_Compare!J143 -> 0.0839 | N7: =DE_Calc_Compare!J144 -> 0.0876 | O7: =DE_Calc_Compare!J145 -> 0.0917 | P7: =DE_Calc_Compare!J146 -> 0.0887 | Q7: =DE_Calc_Compare!J147 -> 0.0853 | R7: =DE_Calc_Compare!J148 -> 0.0838 | S7: =DE_Calc_Compare!J149 -> 0.0819 | T7: =DE_Calc_Compare!J150 -> 0.0796 | U7: =DE_Calc_Compare!I139 -> 276.15 | V7: =DE_Calc_Compare!I140 -> 276.85 | W7: =DE_Calc_Compare!I141 -> 270.55 | X7: =DE_Calc_Compare!I142 -> 287.7 | Y7: =DE_Calc_Compare!I143 -> 293.65 | Z7: =DE_Calc_Compare!I144 -> 306.6 | AA7: =DE_Calc_Compare!I145 -> 320.95 | AB7: =DE_Calc_Compare!I146 -> 310.45 | AC7: =DE_Calc_Compare!I147 -> 298.55 | AD7: =DE_Calc_Compare!I148 -> 293.3 | AE7: =DE_Calc_Compare!I149 -> 286.65 | AF7: =DE_Calc_Compare!I150 -> 278.6 | AG7: Occupancy fixed at Mostly away; no EV
A8: Heating/Cooling System | B8: Air conditioning | C8: Mostly away during the day | D8: Air conditioning | E8: Medium | F8: No electric vehicle | G8: Mostly overnight | H8: =DE_Calc_Compare!H182 -> 3500 | I8: =DE_Calc_Compare!J184 -> 0.07684067 | J8: =DE_Calc_Compare!J185 -> 0.07703545 | K8: =DE_Calc_Compare!J186 -> 0.075282431 | L8: =DE_Calc_Compare!J187 -> 0.080054538 | M8: =DE_Calc_Compare!J188 -> 0.081710168 | N8: =DE_Calc_Compare!J189 -> 0.093844955 | O8: =DE_Calc_Compare!J190 -> 0.098237242 | P8: =DE_Calc_Compare!J191 -> 0.095023374 | Q8: =DE_Calc_Compare!J192 -> 0.083073627 | R8: =DE_Calc_Compare!J193 -> 0.081612778 | S8: =DE_Calc_Compare!J194 -> 0.079762369 | T8: =DE_Calc_Compare!J195 -> 0.0775224 | U8: =DE_Calc_Compare!I184 -> 268.94235 | V8: =DE_Calc_Compare!I185 -> 269.62407 | W8: =DE_Calc_Compare!I186 -> 263.48851 | X8: =DE_Calc_Compare!I187 -> 280.19088 | Y8: =DE_Calc_Compare!I188 -> 285.98559 | Z8: =DE_Calc_Compare!I189 -> 328.45734 | AA8: =DE_Calc_Compare!I190 -> 343.83035 | AB8: =DE_Calc_Compare!I191 -> 332.58181 | AC8: =DE_Calc_Compare!I192 -> 290.75769 | AD8: =DE_Calc_Compare!I193 -> 285.64472 | AE8: =DE_Calc_Compare!I194 -> 279.16829 | AF8: =DE_Calc_Compare!I195 -> 271.3284 | AG8: Occupancy fixed at Mostly away; no EV
A9: Heating/Cooling System | B9: Electric heating | C9: Mostly away during the day | D9: Electric heating | E9: Medium | F9: No electric vehicle | G9: Mostly overnight | H9: =DE_Calc_Compare!H227 -> 6500 | I9: =DE_Calc_Compare!J229 -> 0.10975781 | J9: =DE_Calc_Compare!J230 -> 0.11003603 | K9: =DE_Calc_Compare!J231 -> 0.10753205 | L9: =DE_Calc_Compare!J232 -> 0.11434844 | M9: =DE_Calc_Compare!J233 -> 0.041659987 | N9: =DE_Calc_Compare!J234 -> 0.043497197 | O9: =DE_Calc_Compare!J235 -> 0.045533025 | P9: =DE_Calc_Compare!J236 -> 0.044043395 | Q9: =DE_Calc_Compare!J237 -> 0.042355148 | R9: =DE_Calc_Compare!J238 -> 0.1165742 | S9: =DE_Calc_Compare!J239 -> 0.11393111 | T9: =DE_Calc_Compare!J240 -> 0.11073158 | U9: =DE_Calc_Compare!I229 -> 713.42579 | V9: =DE_Calc_Compare!I230 -> 715.23422 | W9: =DE_Calc_Compare!I231 -> 698.95834 | X9: =DE_Calc_Compare!I232 -> 743.26489 | Y9: =DE_Calc_Compare!I233 -> 270.78992 | Z9: =DE_Calc_Compare!I234 -> 282.73178 | AA9: =DE_Calc_Compare!I235 -> 295.96466 | AB9: =DE_Calc_Compare!I236 -> 286.28207 | AC9: =DE_Calc_Compare!I237 -> 275.30846 | AD9: =DE_Calc_Compare!I238 -> 757.73233 | AE9: =DE_Calc_Compare!I239 -> 740.55224 | AF9: =DE_Calc_Compare!I240 -> 719.75529 | AG9: Occupancy fixed at Mostly away; no EV
A10: Heating/Cooling System | B10: Heat pump (heating & cooling) | C10: Mostly away during the day | D10: Heat pump (heating & cooling) | E10: Medium | F10: No electric vehicle | G10: Mostly overnight | H10: =DE_Calc_Compare!H272 -> 5500 | I10: =DE_Calc_Compare!J274 -> 0.08698663 | J10: =DE_Calc_Compare!J275 -> 0.087207128 | K10: =DE_Calc_Compare!J276 -> 0.085222643 | L10: =DE_Calc_Compare!J277 -> 0.090624854 | M10: =DE_Calc_Compare!J278 -> 0.04804711 | N10: =DE_Calc_Compare!J279 -> 0.092379255 | O10: =DE_Calc_Compare!J280 -> 0.096702941 | P10: =DE_Calc_Compare!J281 -> 0.093539268 | Q10: =DE_Calc_Compare!J282 -> 0.048848849 | R10: =DE_Calc_Compare!J283 -> 0.092388841 | S10: =DE_Calc_Compare!J284 -> 0.090294106 | T10: =DE_Calc_Compare!J285 -> 0.087758374 | U10: =DE_Calc_Compare!I274 -> 478.42646 | V10: =DE_Calc_Compare!I275 -> 479.63921 | W10: =DE_Calc_Compare!I276 -> 468.72453 | X10: =DE_Calc_Compare!I277 -> 498.4367 | Y10: =DE_Calc_Compare!I278 -> 264.2591 | Z10: =DE_Calc_Compare!I279 -> 508.0859 | AA10: =DE_Calc_Compare!I280 -> 531.86618 | AB10: =DE_Calc_Compare!I281 -> 514.46597 | AC10: =DE_Calc_Compare!I282 -> 268.66867 | AD10: =DE_Calc_Compare!I283 -> 508.13863 | AE10: =DE_Calc_Compare!I284 -> 496.61759 | AF10: =DE_Calc_Compare!I285 -> 482.67106 | AG10: Occupancy fixed at Mostly away; no EV
A11: Heating/Cooling Usage | B11: Heat pump - Low | C11: Mostly away during the day | D11: Heat pump (heating & cooling) | E11: Low | F11: No electric vehicle | G11: Mostly overnight | H11: =DE_Calc_Compare!H317 -> 4900 | I11: =DE_Calc_Compare!J319 -> 0.084885234 | J11: =DE_Calc_Compare!J320 -> 0.085100406 | K11: =DE_Calc_Compare!J321 -> 0.083163861 | L11: =DE_Calc_Compare!J322 -> 0.088435567 | M11: =DE_Calc_Compare!J323 -> 0.056620571 | N11: =DE_Calc_Compare!J324 -> 0.091627281 | O11: =DE_Calc_Compare!J325 -> 0.095915772 | P11: =DE_Calc_Compare!J326 -> 0.092777851 | Q11: =DE_Calc_Compare!J327 -> 0.057565372 | R11: =DE_Calc_Compare!J328 -> 0.090156941 | S11: =DE_Calc_Compare!J329 -> 0.08811281 | T11: =DE_Calc_Compare!J330 -> 0.085638335 | U11: =DE_Calc_Compare!I319 -> 415.93765 | V11: =DE_Calc_Compare!I320 -> 416.99199 | W11: =DE_Calc_Compare!I321 -> 407.50292 | X11: =DE_Calc_Compare!I322 -> 433.33428 | Y11: =DE_Calc_Compare!I323 -> 277.4408 | Z11: =DE_Calc_Compare!I324 -> 448.97367 | AA11: =DE_Calc_Compare!I325 -> 469.98728 | AB11: =DE_Calc_Compare!I326 -> 454.61147 | AC11: =DE_Calc_Compare!I327 -> 282.07032 | AD11: =DE_Calc_Compare!I328 -> 441.76901 | AE11: =DE_Calc_Compare!I329 -> 431.75277 | AF11: =DE_Calc_Compare!I330 -> 419.62784 | AG11: System fixed at Heat pump; no EV
A12: Heating/Cooling Usage | B12: Heat pump - Medium | C12: Mostly away during the day | D12: Heat pump (heating & cooling) | E12: Medium | F12: No electric vehicle | G12: Mostly overnight | H12: =DE_Calc_Compare!H362 -> 5500 | I12: =DE_Calc_Compare!J364 -> 0.08698663 | J12: =DE_Calc_Compare!J365 -> 0.087207128 | K12: =DE_Calc_Compare!J366 -> 0.085222643 | L12: =DE_Calc_Compare!J367 -> 0.090624854 | M12: =DE_Calc_Compare!J368 -> 0.04804711 | N12: =DE_Calc_Compare!J369 -> 0.092379255 | O12: =DE_Calc_Compare!J370 -> 0.096702941 | P12: =DE_Calc_Compare!J371 -> 0.093539268 | Q12: =DE_Calc_Compare!J372 -> 0.048848849 | R12: =DE_Calc_Compare!J373 -> 0.092388841 | S12: =DE_Calc_Compare!J374 -> 0.090294106 | T12: =DE_Calc_Compare!J375 -> 0.087758374 | U12: =DE_Calc_Compare!I364 -> 478.42646 | V12: =DE_Calc_Compare!I365 -> 479.63921 | W12: =DE_Calc_Compare!I366 -> 468.72453 | X12: =DE_Calc_Compare!I367 -> 498.4367 | Y12: =DE_Calc_Compare!I368 -> 264.2591 | Z12: =DE_Calc_Compare!I369 -> 508.0859 | AA12: =DE_Calc_Compare!I370 -> 531.86618 | AB12: =DE_Calc_Compare!I371 -> 514.46597 | AC12: =DE_Calc_Compare!I372 -> 268.66867 | AD12: =DE_Calc_Compare!I373 -> 508.13863 | AE12: =DE_Calc_Compare!I374 -> 496.61759 | AF12: =DE_Calc_Compare!I375 -> 482.67106 | AG12: System fixed at Heat pump; no EV
A13: Heating/Cooling Usage | B13: Heat pump - High | C13: Mostly away during the day | D13: Heat pump (heating & cooling) | E13: High | F13: No electric vehicle | G13: Mostly overnight | H13: =DE_Calc_Compare!H407 -> 6100 | I13: =DE_Calc_Compare!J409 -> 0.088389421 | J13: =DE_Calc_Compare!J410 -> 0.088613475 | K13: =DE_Calc_Compare!J411 -> 0.086596986 | L13: =DE_Calc_Compare!J412 -> 0.092086317 | M13: =DE_Calc_Compare!J413 -> 0.040307581 | N13: =DE_Calc_Compare!J414 -> 0.094210351 | O13: =DE_Calc_Compare!J415 -> 0.09861974 | P13: =DE_Calc_Compare!J416 -> 0.095393358 | Q13: =DE_Calc_Compare!J417 -> 0.040980175 | R13: =DE_Calc_Compare!J418 -> 0.093878751 | S13: =DE_Calc_Compare!J419 -> 0.091750235 | T13: =DE_Calc_Compare!J420 -> 0.089173611 | U13: =DE_Calc_Compare!I409 -> 539.17547 | V13: =DE_Calc_Compare!I410 -> 540.5422 | W13: =DE_Calc_Compare!I411 -> 528.24162 | X13: =DE_Calc_Compare!I412 -> 561.72653 | Y13: =DE_Calc_Compare!I413 -> 245.87625 | Z13: =DE_Calc_Compare!I414 -> 574.68314 | AA13: =DE_Calc_Compare!I415 -> 601.58041 | AB13: =DE_Calc_Compare!I416 -> 581.89948 | AC13: =DE_Calc_Compare!I417 -> 249.97907 | AD13: =DE_Calc_Compare!I418 -> 572.66038 | AE13: =DE_Calc_Compare!I419 -> 559.67643 | AF13: =DE_Calc_Compare!I420 -> 543.95902 | AG13: System fixed at Heat pump; no EV
A14: Heating/Cooling Usage | B14: Heat pump - Very high | C14: Mostly away during the day | D14: Heat pump (heating & cooling) | E14: Very high | F14: No electric vehicle | G14: Mostly overnight | H14: =DE_Calc_Compare!H452 -> 6700 | I14: =DE_Calc_Compare!J454 -> 0.089637016 | J14: =DE_Calc_Compare!J455 -> 0.089864233 | K14: =DE_Calc_Compare!J456 -> 0.087819282 | L14: =DE_Calc_Compare!J457 -> 0.093386093 | M14: =DE_Calc_Compare!J458 -> 0.03323049 | N14: =DE_Calc_Compare!J459 -> 0.095966626 | O14: =DE_Calc_Compare!J460 -> 0.10045821 | P14: =DE_Calc_Compare!J461 -> 0.097171686 | Q14: =DE_Calc_Compare!J462 -> 0.033784992 | R14: =DE_Calc_Compare!J463 -> 0.095203827 | S14: =DE_Calc_Compare!J464 -> 0.093045267 | T14: =DE_Calc_Compare!J465 -> 0.090432275 | U14: =DE_Calc_Compare!I454 -> 600.56801 | V14: =DE_Calc_Compare!I455 -> 602.09036 | W14: =DE_Calc_Compare!I456 -> 588.38919 | X14: =DE_Calc_Compare!I457 -> 625.68682 | Y14: =DE_Calc_Compare!I458 -> 222.64428 | Z14: =DE_Calc_Compare!I459 -> 642.97639 | AA14: =DE_Calc_Compare!I460 -> 673.07004 | AB14: =DE_Calc_Compare!I461 -> 651.0503 | AC14: =DE_Calc_Compare!I462 -> 226.35945 | AD14: =DE_Calc_Compare!I463 -> 637.86564 | AE14: =DE_Calc_Compare!I464 -> 623.40329 | AF14: =DE_Calc_Compare!I465 -> 605.89624 | AG14: System fixed at Heat pump; no EV
A15: EV Annual Driving | B15: No electric vehicle | C15: Mostly away during the day | D15: No heating or cooling system | E15: Medium | F15: No electric vehicle | G15: Mostly overnight | H15: =DE_Calc_Compare!H497 -> 3500 | I15: =DE_Calc_Compare!J499 -> 0.0789 | J15: =DE_Calc_Compare!J500 -> 0.0791 | K15: =DE_Calc_Compare!J501 -> 0.0773 | L15: =DE_Calc_Compare!J502 -> 0.0822 | M15: =DE_Calc_Compare!J503 -> 0.0839 | N15: =DE_Calc_Compare!J504 -> 0.0876 | O15: =DE_Calc_Compare!J505 -> 0.0917 | P15: =DE_Calc_Compare!J506 -> 0.0887 | Q15: =DE_Calc_Compare!J507 -> 0.0853 | R15: =DE_Calc_Compare!J508 -> 0.0838 | S15: =DE_Calc_Compare!J509 -> 0.0819 | T15: =DE_Calc_Compare!J510 -> 0.0796 | U15: =DE_Calc_Compare!I499 -> 276.15 | V15: =DE_Calc_Compare!I500 -> 276.85 | W15: =DE_Calc_Compare!I501 -> 270.55 | X15: =DE_Calc_Compare!I502 -> 287.7 | Y15: =DE_Calc_Compare!I503 -> 293.65 | Z15: =DE_Calc_Compare!I504 -> 306.6 | AA15: =DE_Calc_Compare!I505 -> 320.95 | AB15: =DE_Calc_Compare!I506 -> 310.45 | AC15: =DE_Calc_Compare!I507 -> 298.55 | AD15: =DE_Calc_Compare!I508 -> 293.3 | AE15: =DE_Calc_Compare!I509 -> 286.65 | AF15: =DE_Calc_Compare!I510 -> 278.6 | AG15: No HVAC; overnight charging
A16: EV Annual Driving | B16: 5,000 km | C16: Mostly away during the day | D16: No heating or cooling system | E16: Medium | F16: 5,000 km | G16: Mostly overnight | H16: =DE_Calc_Compare!H542 -> 4400 | I16: =DE_Calc_Compare!J544 -> 0.079806818 | J16: =DE_Calc_Compare!J545 -> 0.079965909 | K16: =DE_Calc_Compare!J546 -> 0.078534091 | L16: =DE_Calc_Compare!J547 -> 0.082431818 | M16: =DE_Calc_Compare!J548 -> 0.083784091 | N16: =DE_Calc_Compare!J549 -> 0.086727273 | O16: =DE_Calc_Compare!J550 -> 0.089988636 | P16: =DE_Calc_Compare!J551 -> 0.087602273 | Q16: =DE_Calc_Compare!J552 -> 0.084897727 | R16: =DE_Calc_Compare!J553 -> 0.083704545 | S16: =DE_Calc_Compare!J554 -> 0.082193182 | T16: =DE_Calc_Compare!J555 -> 0.080363636 | U16: =DE_Calc_Compare!I544 -> 351.15 | V16: =DE_Calc_Compare!I545 -> 351.85 | W16: =DE_Calc_Compare!I546 -> 345.55 | X16: =DE_Calc_Compare!I547 -> 362.7 | Y16: =DE_Calc_Compare!I548 -> 368.65 | Z16: =DE_Calc_Compare!I549 -> 381.6 | AA16: =DE_Calc_Compare!I550 -> 395.95 | AB16: =DE_Calc_Compare!I551 -> 385.45 | AC16: =DE_Calc_Compare!I552 -> 373.55 | AD16: =DE_Calc_Compare!I553 -> 368.3 | AE16: =DE_Calc_Compare!I554 -> 361.65 | AF16: =DE_Calc_Compare!I555 -> 353.6 | AG16: No HVAC; overnight charging
A17: EV Annual Driving | B17: 10,000 km | C17: Mostly away during the day | D17: No heating or cooling system | E17: Medium | F17: 10,000 km | G17: Mostly overnight | H17: =DE_Calc_Compare!H587 -> 5300 | I17: =DE_Calc_Compare!J589 -> 0.08040566 | J17: =DE_Calc_Compare!J590 -> 0.080537736 | K17: =DE_Calc_Compare!J591 -> 0.079349057 | L17: =DE_Calc_Compare!J592 -> 0.082584906 | M17: =DE_Calc_Compare!J593 -> 0.083707547 | N17: =DE_Calc_Compare!J594 -> 0.086150943 | O17: =DE_Calc_Compare!J595 -> 0.088858491 | P17: =DE_Calc_Compare!J596 -> 0.086877358 | Q17: =DE_Calc_Compare!J597 -> 0.084632075 | R17: =DE_Calc_Compare!J598 -> 0.083641509 | S17: =DE_Calc_Compare!J599 -> 0.082386792 | T17: =DE_Calc_Compare!J600 -> 0.080867925 | U17: =DE_Calc_Compare!I589 -> 426.15 | V17: =DE_Calc_Compare!I590 -> 426.85 | W17: =DE_Calc_Compare!I591 -> 420.55 | X17: =DE_Calc_Compare!I592 -> 437.7 | Y17: =DE_Calc_Compare!I593 -> 443.65 | Z17: =DE_Calc_Compare!I594 -> 456.6 | AA17: =DE_Calc_Compare!I595 -> 470.95 | AB17: =DE_Calc_Compare!I596 -> 460.45 | AC17: =DE_Calc_Compare!I597 -> 448.55 | AD17: =DE_Calc_Compare!I598 -> 443.3 | AE17: =DE_Calc_Compare!I599 -> 436.65 | AF17: =DE_Calc_Compare!I600 -> 428.6 | AG17: No HVAC; overnight charging
A18: EV Annual Driving | B18: 15,000 km | C18: Mostly away during the day | D18: No heating or cooling system | E18: Medium | F18: 15,000 km | G18: Mostly overnight | H18: =DE_Calc_Compare!H632 -> 6200 | I18: =DE_Calc_Compare!J634 -> 0.080830645 | J18: =DE_Calc_Compare!J635 -> 0.080943548 | K18: =DE_Calc_Compare!J636 -> 0.079927419 | L18: =DE_Calc_Compare!J637 -> 0.082693548 | M18: =DE_Calc_Compare!J638 -> 0.083653226 | N18: =DE_Calc_Compare!J639 -> 0.085741935 | O18: =DE_Calc_Compare!J640 -> 0.088056452 | P18: =DE_Calc_Compare!J641 -> 0.086362903 | Q18: =DE_Calc_Compare!J642 -> 0.084443548 | R18: =DE_Calc_Compare!J643 -> 0.083596774 | S18: =DE_Calc_Compare!J644 -> 0.082524194 | T18: =DE_Calc_Compare!J645 -> 0.081225806 | U18: =DE_Calc_Compare!I634 -> 501.15 | V18: =DE_Calc_Compare!I635 -> 501.85 | W18: =DE_Calc_Compare!I636 -> 495.55 | X18: =DE_Calc_Compare!I637 -> 512.7 | Y18: =DE_Calc_Compare!I638 -> 518.65 | Z18: =DE_Calc_Compare!I639 -> 531.6 | AA18: =DE_Calc_Compare!I640 -> 545.95 | AB18: =DE_Calc_Compare!I641 -> 535.45 | AC18: =DE_Calc_Compare!I642 -> 523.55 | AD18: =DE_Calc_Compare!I643 -> 518.3 | AE18: =DE_Calc_Compare!I644 -> 511.65 | AF18: =DE_Calc_Compare!I645 -> 503.6 | AG18: No HVAC; overnight charging
A19: EV Annual Driving | B19: 20,000 km | C19: Mostly away during the day | D19: No heating or cooling system | E19: Medium | F19: 20,000 km | G19: Mostly overnight | H19: =DE_Calc_Compare!H677 -> 7100 | I19: =DE_Calc_Compare!J679 -> 0.081147887 | J19: =DE_Calc_Compare!J680 -> 0.081246479 | K19: =DE_Calc_Compare!J681 -> 0.080359155 | L19: =DE_Calc_Compare!J682 -> 0.082774648 | M19: =DE_Calc_Compare!J683 -> 0.083612676 | N19: =DE_Calc_Compare!J684 -> 0.08543662 | O19: =DE_Calc_Compare!J685 -> 0.087457746 | P19: =DE_Calc_Compare!J686 -> 0.085978873 | Q19: =DE_Calc_Compare!J687 -> 0.084302817 | R19: =DE_Calc_Compare!J688 -> 0.08356338 | S19: =DE_Calc_Compare!J689 -> 0.082626761 | T19: =DE_Calc_Compare!J690 -> 0.081492958 | U19: =DE_Calc_Compare!I679 -> 576.15 | V19: =DE_Calc_Compare!I680 -> 576.85 | W19: =DE_Calc_Compare!I681 -> 570.55 | X19: =DE_Calc_Compare!I682 -> 587.7 | Y19: =DE_Calc_Compare!I683 -> 593.65 | Z19: =DE_Calc_Compare!I684 -> 606.6 | AA19: =DE_Calc_Compare!I685 -> 620.95 | AB19: =DE_Calc_Compare!I686 -> 610.45 | AC19: =DE_Calc_Compare!I687 -> 598.55 | AD19: =DE_Calc_Compare!I688 -> 593.3 | AE19: =DE_Calc_Compare!I689 -> 586.65 | AF19: =DE_Calc_Compare!I690 -> 578.6 | AG19: No HVAC; overnight charging
A20: EV Annual Driving | B20: 25,000+ km | C20: Mostly away during the day | D20: No heating or cooling system | E20: Medium | F20: 25,000+ km | G20: Mostly overnight | H20: =DE_Calc_Compare!H722 -> 8000 | I20: =DE_Calc_Compare!J724 -> 0.08139375 | J20: =DE_Calc_Compare!J725 -> 0.08148125 | K20: =DE_Calc_Compare!J726 -> 0.08069375 | L20: =DE_Calc_Compare!J727 -> 0.0828375 | M20: =DE_Calc_Compare!J728 -> 0.08358125 | N20: =DE_Calc_Compare!J729 -> 0.0852 | O20: =DE_Calc_Compare!J730 -> 0.08699375 | P20: =DE_Calc_Compare!J731 -> 0.08568125 | Q20: =DE_Calc_Compare!J732 -> 0.08419375 | R20: =DE_Calc_Compare!J733 -> 0.0835375 | S20: =DE_Calc_Compare!J734 -> 0.08270625 | T20: =DE_Calc_Compare!J735 -> 0.0817 | U20: =DE_Calc_Compare!I724 -> 651.15 | V20: =DE_Calc_Compare!I725 -> 651.85 | W20: =DE_Calc_Compare!I726 -> 645.55 | X20: =DE_Calc_Compare!I727 -> 662.7 | Y20: =DE_Calc_Compare!I728 -> 668.65 | Z20: =DE_Calc_Compare!I729 -> 681.6 | AA20: =DE_Calc_Compare!I730 -> 695.95 | AB20: =DE_Calc_Compare!I731 -> 685.45 | AC20: =DE_Calc_Compare!I732 -> 673.55 | AD20: =DE_Calc_Compare!I733 -> 668.3 | AE20: =DE_Calc_Compare!I734 -> 661.65 | AF20: =DE_Calc_Compare!I735 -> 653.6 | AG20: No HVAC; overnight charging
A21: EV Charging Pattern | B21: Mostly overnight | C21: Mostly away during the day | D21: No heating or cooling system | E21: Medium | F21: 10,000 km | G21: Mostly overnight | H21: =DE_Calc_Compare!H767 -> 5300 | I21: =DE_Calc_Compare!J769 -> 0.08040566 | J21: =DE_Calc_Compare!J770 -> 0.080537736 | K21: =DE_Calc_Compare!J771 -> 0.079349057 | L21: =DE_Calc_Compare!J772 -> 0.082584906 | M21: =DE_Calc_Compare!J773 -> 0.083707547 | N21: =DE_Calc_Compare!J774 -> 0.086150943 | O21: =DE_Calc_Compare!J775 -> 0.088858491 | P21: =DE_Calc_Compare!J776 -> 0.086877358 | Q21: =DE_Calc_Compare!J777 -> 0.084632075 | R21: =DE_Calc_Compare!J778 -> 0.083641509 | S21: =DE_Calc_Compare!J779 -> 0.082386792 | T21: =DE_Calc_Compare!J780 -> 0.080867925 | U21: =DE_Calc_Compare!I769 -> 426.15 | V21: =DE_Calc_Compare!I770 -> 426.85 | W21: =DE_Calc_Compare!I771 -> 420.55 | X21: =DE_Calc_Compare!I772 -> 437.7 | Y21: =DE_Calc_Compare!I773 -> 443.65 | Z21: =DE_Calc_Compare!I774 -> 456.6 | AA21: =DE_Calc_Compare!I775 -> 470.95 | AB21: =DE_Calc_Compare!I776 -> 460.45 | AC21: =DE_Calc_Compare!I777 -> 448.55 | AD21: =DE_Calc_Compare!I778 -> 443.3 | AE21: =DE_Calc_Compare!I779 -> 436.65 | AF21: =DE_Calc_Compare!I780 -> 428.6 | AG21: 10,000 km EV fixed
A22: EV Charging Pattern | B22: Mixed day and night | C22: Mostly away during the day | D22: No heating or cooling system | E22: Medium | F22: 10,000 km | G22: Mixed day and night | H22: =DE_Calc_Compare!H812 -> 5300 | I22: =DE_Calc_Compare!J814 -> 0.08040566 | J22: =DE_Calc_Compare!J815 -> 0.080537736 | K22: =DE_Calc_Compare!J816 -> 0.079349057 | L22: =DE_Calc_Compare!J817 -> 0.082584906 | M22: =DE_Calc_Compare!J818 -> 0.083707547 | N22: =DE_Calc_Compare!J819 -> 0.086150943 | O22: =DE_Calc_Compare!J820 -> 0.088858491 | P22: =DE_Calc_Compare!J821 -> 0.086877358 | Q22: =DE_Calc_Compare!J822 -> 0.084632075 | R22: =DE_Calc_Compare!J823 -> 0.083641509 | S22: =DE_Calc_Compare!J824 -> 0.082386792 | T22: =DE_Calc_Compare!J825 -> 0.080867925 | U22: =DE_Calc_Compare!I814 -> 426.15 | V22: =DE_Calc_Compare!I815 -> 426.85 | W22: =DE_Calc_Compare!I816 -> 420.55 | X22: =DE_Calc_Compare!I817 -> 437.7 | Y22: =DE_Calc_Compare!I818 -> 443.65 | Z22: =DE_Calc_Compare!I819 -> 456.6 | AA22: =DE_Calc_Compare!I820 -> 470.95 | AB22: =DE_Calc_Compare!I821 -> 460.45 | AC22: =DE_Calc_Compare!I822 -> 448.55 | AD22: =DE_Calc_Compare!I823 -> 443.3 | AE22: =DE_Calc_Compare!I824 -> 436.65 | AF22: =DE_Calc_Compare!I825 -> 428.6 | AG22: 10,000 km EV fixed
A23: EV Charging Pattern | B23: Mostly daytime | C23: Mostly away during the day | D23: No heating or cooling system | E23: Medium | F23: 10,000 km | G23: Mostly daytime | H23: =DE_Calc_Compare!H857 -> 5300 | I23: =DE_Calc_Compare!J859 -> 0.08040566 | J23: =DE_Calc_Compare!J860 -> 0.080537736 | K23: =DE_Calc_Compare!J861 -> 0.079349057 | L23: =DE_Calc_Compare!J862 -> 0.082584906 | M23: =DE_Calc_Compare!J863 -> 0.083707547 | N23: =DE_Calc_Compare!J864 -> 0.086150943 | O23: =DE_Calc_Compare!J865 -> 0.088858491 | P23: =DE_Calc_Compare!J866 -> 0.086877358 | Q23: =DE_Calc_Compare!J867 -> 0.084632075 | R23: =DE_Calc_Compare!J868 -> 0.083641509 | S23: =DE_Calc_Compare!J869 -> 0.082386792 | T23: =DE_Calc_Compare!J870 -> 0.080867925 | U23: =DE_Calc_Compare!I859 -> 426.15 | V23: =DE_Calc_Compare!I860 -> 426.85 | W23: =DE_Calc_Compare!I861 -> 420.55 | X23: =DE_Calc_Compare!I862 -> 437.7 | Y23: =DE_Calc_Compare!I863 -> 443.65 | Z23: =DE_Calc_Compare!I864 -> 456.6 | AA23: =DE_Calc_Compare!I865 -> 470.95 | AB23: =DE_Calc_Compare!I866 -> 460.45 | AC23: =DE_Calc_Compare!I867 -> 448.55 | AD23: =DE_Calc_Compare!I868 -> 443.3 | AE23: =DE_Calc_Compare!I869 -> 436.65 | AF23: =DE_Calc_Compare!I870 -> 428.6 | AG23: 10,000 km EV fixed
A24: EV Charging Pattern | B24: Solar-optimized charging | C24: Mostly away during the day | D24: No heating or cooling system | E24: Medium | F24: 10,000 km | G24: Solar-optimized charging | H24: =DE_Calc_Compare!H902 -> 5300 | I24: =DE_Calc_Compare!J904 -> 0.08040566 | J24: =DE_Calc_Compare!J905 -> 0.080537736 | K24: =DE_Calc_Compare!J906 -> 0.079349057 | L24: =DE_Calc_Compare!J907 -> 0.082584906 | M24: =DE_Calc_Compare!J908 -> 0.083707547 | N24: =DE_Calc_Compare!J909 -> 0.086150943 | O24: =DE_Calc_Compare!J910 -> 0.088858491 | P24: =DE_Calc_Compare!J911 -> 0.086877358 | Q24: =DE_Calc_Compare!J912 -> 0.084632075 | R24: =DE_Calc_Compare!J913 -> 0.083641509 | S24: =DE_Calc_Compare!J914 -> 0.082386792 | T24: =DE_Calc_Compare!J915 -> 0.080867925 | U24: =DE_Calc_Compare!I904 -> 426.15 | V24: =DE_Calc_Compare!I905 -> 426.85 | W24: =DE_Calc_Compare!I906 -> 420.55 | X24: =DE_Calc_Compare!I907 -> 437.7 | Y24: =DE_Calc_Compare!I908 -> 443.65 | Z24: =DE_Calc_Compare!I909 -> 456.6 | AA24: =DE_Calc_Compare!I910 -> 470.95 | AB24: =DE_Calc_Compare!I911 -> 460.45 | AC24: =DE_Calc_Compare!I912 -> 448.55 | AD24: =DE_Calc_Compare!I913 -> 443.3 | AE24: =DE_Calc_Compare!I914 -> 436.65 | AF24: =DE_Calc_Compare!I915 -> 428.6 | AG24: 10,000 km EV fixed
A25: Check | I25: =SUM(I4:T4) -> 1 | U25: =SUM(U4:AF4) -> 3500

Sheet DE_Option_Hourly
A1: These rows use the same scenario definitions as DE_Option_Monthly.
A2: Rows compare individual option values on top of the Germany base profile. Hourly outputs show the final average-day share only.
A3: Group | B3: Scenario | C3: Occupancy | D3: System | E3: Usage | F3: EV mileage | G3: EV charging | H3: Annual kWh | I3: Hour 0 | J3: Hour 1 | K3: Hour 2 | L3: Hour 3 | M3: Hour 4 | N3: Hour 5 | O3: Hour 6 | P3: Hour 7 | Q3: Hour 8 | R3: Hour 9 | S3: Hour 10 | T3: Hour 11 | U3: Hour 12 | V3: Hour 13 | W3: Hour 14 | X3: Hour 15 | Y3: Hour 16 | Z3: Hour 17 | AA3: Hour 18 | AB3: Hour 19 | AC3: Hour 20 | AD3: Hour 21 | AE3: Hour 22 | AF3: Hour 23 | AG3: Assumption / 注释
A4: =DE_Option_Monthly!A4 -> Occupancy | B4: =DE_Option_Monthly!B4 -> Mostly away during the day | C4: =DE_Option_Monthly!C4 -> Mostly away during the day | D4: =DE_Option_Monthly!D4 -> No heating or cooling system | E4: =DE_Option_Monthly!E4 -> Medium | F4: =DE_Option_Monthly!F4 -> No electric vehicle | G4: =DE_Option_Monthly!G4 -> Mostly overnight | H4: =DE_Calc_Compare!H2 -> 3500 | I4: =DE_Calc_Compare!J18 -> 0.036449504 | J4: =DE_Calc_Compare!J19 -> 0.031242432 | K4: =DE_Calc_Compare!J20 -> 0.028941632 | L4: =DE_Calc_Compare!J21 -> 0.028093969 | M4: =DE_Calc_Compare!J22 -> 0.028578348 | N4: =DE_Calc_Compare!J23 -> 0.030515863 | O4: =DE_Calc_Compare!J24 -> 0.036328409 | P4: =DE_Calc_Compare!J25 -> 0.043351901 | Q4: =DE_Calc_Compare!J26 -> 0.049648825 | R4: =DE_Calc_Compare!J27 -> 0.032404941 | S4: =DE_Calc_Compare!J28 -> 0.034439332 | T4: =DE_Calc_Compare!J29 -> 0.037636232 | U4: =DE_Calc_Compare!J30 -> 0.037272947 | V4: =DE_Calc_Compare!J31 -> 0.034947929 | W4: =DE_Calc_Compare!J32 -> 0.033349479 | X4: =DE_Calc_Compare!J33 -> 0.032986195 | Y4: =DE_Calc_Compare!J34 -> 0.034511988 | Z4: =DE_Calc_Compare!J35 -> 0.038871397 | AA4: =DE_Calc_Compare!J36 -> 0.071082587 | AB4: =DE_Calc_Compare!J37 -> 0.071566965 | AC4: =DE_Calc_Compare!J38 -> 0.067328651 | AD4: =DE_Calc_Compare!J39 -> 0.061516106 | AE4: =DE_Calc_Compare!J40 -> 0.054613708 | AF4: =DE_Calc_Compare!J41 -> 0.044320659 | AG4: =DE_Option_Monthly!AG4 -> No HVAC / no EV
A5: =DE_Option_Monthly!A5 -> Occupancy | B5: =DE_Option_Monthly!B5 -> Working from home | C5: =DE_Option_Monthly!C5 -> Working from home | D5: =DE_Option_Monthly!D5 -> No heating or cooling system | E5: =DE_Option_Monthly!E5 -> Medium | F5: =DE_Option_Monthly!F5 -> No electric vehicle | G5: =DE_Option_Monthly!G5 -> Mostly overnight | H5: =DE_Calc_Compare!H47 -> 3500 | I5: =DE_Calc_Compare!J63 -> 0.025634475 | J5: =DE_Calc_Compare!J64 -> 0.021972407 | K5: =DE_Calc_Compare!J65 -> 0.020354284 | L5: =DE_Calc_Compare!J66 -> 0.019758133 | M5: =DE_Calc_Compare!J67 -> 0.020098791 | N5: =DE_Calc_Compare!J68 -> 0.021461421 | O5: =DE_Calc_Compare!J69 -> 0.02554931 | P5: =DE_Calc_Compare!J70 -> 0.030488843 | Q5: =DE_Calc_Compare!J71 -> 0.034917391 | R5: =DE_Calc_Compare!J72 -> 0.053176631 | S5: =DE_Calc_Compare!J73 -> 0.056515074 | T5: =DE_Calc_Compare!J74 -> 0.061761199 | U5: =DE_Calc_Compare!J75 -> 0.061165049 | V5: =DE_Calc_Compare!J76 -> 0.057349685 | W5: =DE_Calc_Compare!J77 -> 0.054726622 | X5: =DE_Calc_Compare!J78 -> 0.054130472 | Y5: =DE_Calc_Compare!J79 -> 0.056634304 | Z5: =DE_Calc_Compare!J80 -> 0.063788111 | AA5: =DE_Calc_Compare!J81 -> 0.049991484 | AB5: =DE_Calc_Compare!J82 -> 0.050332141 | AC5: =DE_Calc_Compare!J83 -> 0.047351388 | AD5: =DE_Calc_Compare!J84 -> 0.043263499 | AE5: =DE_Calc_Compare!J85 -> 0.03840913 | AF5: =DE_Calc_Compare!J86 -> 0.031170158 | AG5: =DE_Option_Monthly!AG5 -> No HVAC / no EV
A6: =DE_Option_Monthly!A6 -> Occupancy | B6: =DE_Option_Monthly!B6 -> Someone always at home | C6: =DE_Option_Monthly!C6 -> Someone always at home | D6: =DE_Option_Monthly!D6 -> No heating or cooling system | E6: =DE_Option_Monthly!E6 -> Medium | F6: =DE_Option_Monthly!F6 -> No electric vehicle | G6: =DE_Option_Monthly!G6 -> Mostly overnight | H6: =DE_Calc_Compare!H92 -> 3500 | I6: =DE_Calc_Compare!J108 -> 0.027688345 | J6: =DE_Calc_Compare!J109 -> 0.023732867 | K6: =DE_Calc_Compare!J110 -> 0.021985098 | L6: =DE_Calc_Compare!J111 -> 0.021341183 | M6: =DE_Calc_Compare!J112 -> 0.021709134 | N6: =DE_Calc_Compare!J113 -> 0.02318094 | O6: =DE_Calc_Compare!J114 -> 0.027596357 | P6: =DE_Calc_Compare!J115 -> 0.032931653 | Q6: =DE_Calc_Compare!J116 -> 0.037715022 | R6: =DE_Calc_Compare!J117 -> 0.049231901 | S6: =DE_Calc_Compare!J118 -> 0.052322693 | T6: =DE_Calc_Compare!J119 -> 0.057179652 | U6: =DE_Calc_Compare!J120 -> 0.056627725 | V6: =DE_Calc_Compare!J121 -> 0.053095391 | W6: =DE_Calc_Compare!J122 -> 0.050666912 | X6: =DE_Calc_Compare!J123 -> 0.050114985 | Y6: =DE_Calc_Compare!J124 -> 0.052433079 | Z6: =DE_Calc_Compare!J125 -> 0.059056205 | AA6: =DE_Calc_Compare!J126 -> 0.053996872 | AB6: =DE_Calc_Compare!J127 -> 0.054364824 | AC6: =DE_Calc_Compare!J128 -> 0.051145249 | AD6: =DE_Calc_Compare!J129 -> 0.046729832 | AE6: =DE_Calc_Compare!J130 -> 0.041486524 | AF6: =DE_Calc_Compare!J131 -> 0.033667556 | AG6: =DE_Option_Monthly!AG6 -> No HVAC / no EV
A7: =DE_Option_Monthly!A7 -> Heating/Cooling System | B7: =DE_Option_Monthly!B7 -> No heating or cooling system | C7: =DE_Option_Monthly!C7 -> Mostly away during the day | D7: =DE_Option_Monthly!D7 -> No heating or cooling system | E7: =DE_Option_Monthly!E7 -> Medium | F7: =DE_Option_Monthly!F7 -> No electric vehicle | G7: =DE_Option_Monthly!G7 -> Mostly overnight | H7: =DE_Calc_Compare!H137 -> 3500 | I7: =DE_Calc_Compare!J153 -> 0.036449504 | J7: =DE_Calc_Compare!J154 -> 0.031242432 | K7: =DE_Calc_Compare!J155 -> 0.028941632 | L7: =DE_Calc_Compare!J156 -> 0.028093969 | M7: =DE_Calc_Compare!J157 -> 0.028578348 | N7: =DE_Calc_Compare!J158 -> 0.030515863 | O7: =DE_Calc_Compare!J159 -> 0.036328409 | P7: =DE_Calc_Compare!J160 -> 0.043351901 | Q7: =DE_Calc_Compare!J161 -> 0.049648825 | R7: =DE_Calc_Compare!J162 -> 0.032404941 | S7: =DE_Calc_Compare!J163 -> 0.034439332 | T7: =DE_Calc_Compare!J164 -> 0.037636232 | U7: =DE_Calc_Compare!J165 -> 0.037272947 | V7: =DE_Calc_Compare!J166 -> 0.034947929 | W7: =DE_Calc_Compare!J167 -> 0.033349479 | X7: =DE_Calc_Compare!J168 -> 0.032986195 | Y7: =DE_Calc_Compare!J169 -> 0.034511988 | Z7: =DE_Calc_Compare!J170 -> 0.038871397 | AA7: =DE_Calc_Compare!J171 -> 0.071082587 | AB7: =DE_Calc_Compare!J172 -> 0.071566965 | AC7: =DE_Calc_Compare!J173 -> 0.067328651 | AD7: =DE_Calc_Compare!J174 -> 0.061516106 | AE7: =DE_Calc_Compare!J175 -> 0.054613708 | AF7: =DE_Calc_Compare!J176 -> 0.044320659 | AG7: =DE_Option_Monthly!AG7 -> Occupancy fixed at Mostly away; no EV
A8: =DE_Option_Monthly!A8 -> Heating/Cooling System | B8: =DE_Option_Monthly!B8 -> Air conditioning | C8: =DE_Option_Monthly!C8 -> Mostly away during the day | D8: =DE_Option_Monthly!D8 -> Air conditioning | E8: =DE_Option_Monthly!E8 -> Medium | F8: =DE_Option_Monthly!F8 -> No electric vehicle | G8: =DE_Option_Monthly!G8 -> Mostly overnight | H8: =DE_Calc_Compare!H182 -> 3500 | I8: =DE_Calc_Compare!J198 -> 0.034501098 | J8: =DE_Calc_Compare!J199 -> 0.02957237 | K8: =DE_Calc_Compare!J200 -> 0.02739456 | L8: =DE_Calc_Compare!J201 -> 0.026592208 | M8: =DE_Calc_Compare!J202 -> 0.027050695 | N8: =DE_Calc_Compare!J203 -> 0.02888464 | O8: =DE_Calc_Compare!J204 -> 0.034386476 | P8: =DE_Calc_Compare!J205 -> 0.041034529 | Q8: =DE_Calc_Compare!J206 -> 0.046994851 | R8: =DE_Calc_Compare!J207 -> 0.030672737 | S8: =DE_Calc_Compare!J208 -> 0.03259838 | T8: =DE_Calc_Compare!J209 -> 0.03562439 | U8: =DE_Calc_Compare!J210 -> 0.035280525 | V8: =DE_Calc_Compare!J211 -> 0.03307979 | W8: =DE_Calc_Compare!J212 -> 0.037880142 | X8: =DE_Calc_Compare!J213 -> 0.037467505 | Y8: =DE_Calc_Compare!J214 -> 0.039200583 | Z8: =DE_Calc_Compare!J215 -> 0.044152236 | AA8: =DE_Calc_Compare!J216 -> 0.080739447 | AB8: =DE_Calc_Compare!J217 -> 0.08128963 | AC8: =DE_Calc_Compare!J218 -> 0.063729603 | AD8: =DE_Calc_Compare!J219 -> 0.058227767 | AE8: =DE_Calc_Compare!J220 -> 0.051694336 | AF8: =DE_Calc_Compare!J221 -> 0.041951501 | AG8: =DE_Option_Monthly!AG8 -> Occupancy fixed at Mostly away; no EV
A9: =DE_Option_Monthly!A9 -> Heating/Cooling System | B9: =DE_Option_Monthly!B9 -> Electric heating | C9: =DE_Option_Monthly!C9 -> Mostly away during the day | D9: =DE_Option_Monthly!D9 -> Electric heating | E9: =DE_Option_Monthly!E9 -> Medium | F9: =DE_Option_Monthly!F9 -> No electric vehicle | G9: =DE_Option_Monthly!G9 -> Mostly overnight | H9: =DE_Calc_Compare!H227 -> 6500 | I9: =DE_Calc_Compare!J243 -> 0.033964133 | J9: =DE_Calc_Compare!J244 -> 0.029112114 | K9: =DE_Calc_Compare!J245 -> 0.026968199 | L9: =DE_Calc_Compare!J246 -> 0.026178335 | M9: =DE_Calc_Compare!J247 -> 0.026629686 | N9: =DE_Calc_Compare!J248 -> 0.028435088 | O9: =DE_Calc_Compare!J249 -> 0.03892899 | P9: =DE_Calc_Compare!J250 -> 0.046455262 | Q9: =DE_Calc_Compare!J251 -> 0.053202953 | R9: =DE_Calc_Compare!J252 -> 0.034724659 | S9: =DE_Calc_Compare!J253 -> 0.032091028 | T9: =DE_Calc_Compare!J254 -> 0.035069942 | U9: =DE_Calc_Compare!J255 -> 0.034731429 | V9: =DE_Calc_Compare!J256 -> 0.032564947 | W9: =DE_Calc_Compare!J257 -> 0.03107549 | X9: =DE_Calc_Compare!J258 -> 0.030736977 | Y9: =DE_Calc_Compare!J259 -> 0.032158731 | Z9: =DE_Calc_Compare!J260 -> 0.036220886 | AA9: =DE_Calc_Compare!J261 -> 0.076171057 | AB9: =DE_Calc_Compare!J262 -> 0.076690111 | AC9: =DE_Calc_Compare!J263 -> 0.072148395 | AD9: =DE_Calc_Compare!J264 -> 0.065919757 | AE9: =DE_Calc_Compare!J265 -> 0.058523249 | AF9: =DE_Calc_Compare!J266 -> 0.041298581 | AG9: =DE_Option_Monthly!AG9 -> Occupancy fixed at Mostly away; no EV
A10: =DE_Option_Monthly!A10 -> Heating/Cooling System | B10: =DE_Option_Monthly!B10 -> Heat pump (heating & cooling) | C10: =DE_Option_Monthly!C10 -> Mostly away during the day | D10: =DE_Option_Monthly!D10 -> Heat pump (heating & cooling) | E10: =DE_Option_Monthly!E10 -> Medium | F10: =DE_Option_Monthly!F10 -> No electric vehicle | G10: =DE_Option_Monthly!G10 -> Mostly overnight | H10: =DE_Calc_Compare!H272 -> 5500 | I10: =DE_Calc_Compare!J288 -> 0.032144417 | J10: =DE_Calc_Compare!J289 -> 0.027552357 | K10: =DE_Calc_Compare!J290 -> 0.025523308 | L10: =DE_Calc_Compare!J291 -> 0.024775763 | M10: =DE_Calc_Compare!J292 -> 0.025202932 | N10: =DE_Calc_Compare!J293 -> 0.026911605 | O10: =DE_Calc_Compare!J294 -> 0.036843269 | P10: =DE_Calc_Compare!J295 -> 0.043966301 | Q10: =DE_Calc_Compare!J296 -> 0.050352467 | R10: =DE_Calc_Compare!J297 -> 0.032864196 | S10: =DE_Calc_Compare!J298 -> 0.030371668 | T10: =DE_Calc_Compare!J299 -> 0.033190979 | U10: =DE_Calc_Compare!J300 -> 0.032870603 | V10: =DE_Calc_Compare!J301 -> 0.030820195 | W10: =DE_Calc_Compare!J302 -> 0.035292648 | X10: =DE_Calc_Compare!J303 -> 0.034908196 | Y10: =DE_Calc_Compare!J304 -> 0.036522892 | Z10: =DE_Calc_Compare!J305 -> 0.04113631 | AA10: =DE_Calc_Compare!J306 -> 0.086507995 | AB10: =DE_Calc_Compare!J307 -> 0.087097487 | AC10: =DE_Calc_Compare!J308 -> 0.068282858 | AD10: =DE_Calc_Compare!J309 -> 0.062387935 | AE10: =DE_Calc_Compare!J310 -> 0.055387714 | AF10: =DE_Calc_Compare!J311 -> 0.039085902 | AG10: =DE_Option_Monthly!AG10 -> Occupancy fixed at Mostly away; no EV
A11: =DE_Option_Monthly!A11 -> Heating/Cooling Usage | B11: =DE_Option_Monthly!B11 -> Heat pump - Low | C11: =DE_Option_Monthly!C11 -> Mostly away during the day | D11: =DE_Option_Monthly!D11 -> Heat pump (heating & cooling) | E11: =DE_Option_Monthly!E11 -> Low | F11: =DE_Option_Monthly!F11 -> No electric vehicle | G11: =DE_Option_Monthly!G11 -> Mostly overnight | H11: =DE_Calc_Compare!H317 -> 4900 | I11: =DE_Calc_Compare!J333 -> 0.034115798 | J11: =DE_Calc_Compare!J334 -> 0.029242112 | K11: =DE_Calc_Compare!J335 -> 0.027088624 | L11: =DE_Calc_Compare!J336 -> 0.026295233 | M11: =DE_Calc_Compare!J337 -> 0.026748599 | N11: =DE_Calc_Compare!J338 -> 0.028562063 | O11: =DE_Calc_Compare!J339 -> 0.036722653 | P11: =DE_Calc_Compare!J340 -> 0.043822366 | Q11: =DE_Calc_Compare!J341 -> 0.050187626 | R11: =DE_Calc_Compare!J342 -> 0.032756606 | S11: =DE_Calc_Compare!J343 -> 0.032234329 | T11: =DE_Calc_Compare!J344 -> 0.035226545 | U11: =DE_Calc_Compare!J345 -> 0.03488652 | V11: =DE_Calc_Compare!J346 -> 0.032710363 | W11: =DE_Calc_Compare!J347 -> 0.03433568 | X11: =DE_Calc_Compare!J348 -> 0.033961653 | Y11: =DE_Calc_Compare!J349 -> 0.035532567 | Z11: =DE_Calc_Compare!J350 -> 0.040020891 | AA11: =DE_Calc_Compare!J351 -> 0.07903939 | AB11: =DE_Calc_Compare!J352 -> 0.079577989 | AC11: =DE_Calc_Compare!J353 -> 0.068059317 | AD11: =DE_Calc_Compare!J354 -> 0.062183692 | AE11: =DE_Calc_Compare!J355 -> 0.055206388 | AF11: =DE_Calc_Compare!J356 -> 0.041482997 | AG11: =DE_Option_Monthly!AG11 -> System fixed at Heat pump; no EV
A12: =DE_Option_Monthly!A12 -> Heating/Cooling Usage | B12: =DE_Option_Monthly!B12 -> Heat pump - Medium | C12: =DE_Option_Monthly!C12 -> Mostly away during the day | D12: =DE_Option_Monthly!D12 -> Heat pump (heating & cooling) | E12: =DE_Option_Monthly!E12 -> Medium | F12: =DE_Option_Monthly!F12 -> No electric vehicle | G12: =DE_Option_Monthly!G12 -> Mostly overnight | H12: =DE_Calc_Compare!H362 -> 5500 | I12: =DE_Calc_Compare!J378 -> 0.032144417 | J12: =DE_Calc_Compare!J379 -> 0.027552357 | K12: =DE_Calc_Compare!J380 -> 0.025523308 | L12: =DE_Calc_Compare!J381 -> 0.024775763 | M12: =DE_Calc_Compare!J382 -> 0.025202932 | N12: =DE_Calc_Compare!J383 -> 0.026911605 | O12: =DE_Calc_Compare!J384 -> 0.036843269 | P12: =DE_Calc_Compare!J385 -> 0.043966301 | Q12: =DE_Calc_Compare!J386 -> 0.050352467 | R12: =DE_Calc_Compare!J387 -> 0.032864196 | S12: =DE_Calc_Compare!J388 -> 0.030371668 | T12: =DE_Calc_Compare!J389 -> 0.033190979 | U12: =DE_Calc_Compare!J390 -> 0.032870603 | V12: =DE_Calc_Compare!J391 -> 0.030820195 | W12: =DE_Calc_Compare!J392 -> 0.035292648 | X12: =DE_Calc_Compare!J393 -> 0.034908196 | Y12: =DE_Calc_Compare!J394 -> 0.036522892 | Z12: =DE_Calc_Compare!J395 -> 0.04113631 | AA12: =DE_Calc_Compare!J396 -> 0.086507995 | AB12: =DE_Calc_Compare!J397 -> 0.087097487 | AC12: =DE_Calc_Compare!J398 -> 0.068282858 | AD12: =DE_Calc_Compare!J399 -> 0.062387935 | AE12: =DE_Calc_Compare!J400 -> 0.055387714 | AF12: =DE_Calc_Compare!J401 -> 0.039085902 | AG12: =DE_Option_Monthly!AG12 -> System fixed at Heat pump; no EV
A13: =DE_Option_Monthly!A13 -> Heating/Cooling Usage | B13: =DE_Option_Monthly!B13 -> Heat pump - High | C13: =DE_Option_Monthly!C13 -> Mostly away during the day | D13: =DE_Option_Monthly!D13 -> Heat pump (heating & cooling) | E13: =DE_Option_Monthly!E13 -> High | F13: =DE_Option_Monthly!F13 -> No electric vehicle | G13: =DE_Option_Monthly!G13 -> Mostly overnight | H13: =DE_Calc_Compare!H407 -> 6100 | I13: =DE_Calc_Compare!J423 -> 0.029555136 | J13: =DE_Calc_Compare!J424 -> 0.025332974 | K13: =DE_Calc_Compare!J425 -> 0.023467367 | L13: =DE_Calc_Compare!J426 -> 0.022780039 | M13: =DE_Calc_Compare!J427 -> 0.023172798 | N13: =DE_Calc_Compare!J428 -> 0.024743835 | O13: =DE_Calc_Compare!J429 -> 0.036821183 | P13: =DE_Calc_Compare!J430 -> 0.043939945 | Q13: =DE_Calc_Compare!J431 -> 0.050322284 | R13: =DE_Calc_Compare!J432 -> 0.032844495 | S13: =DE_Calc_Compare!J433 -> 0.027925185 | T13: =DE_Calc_Compare!J434 -> 0.030517397 | U13: =DE_Calc_Compare!J435 -> 0.030222827 | V13: =DE_Calc_Compare!J436 -> 0.028337582 | W13: =DE_Calc_Compare!J437 -> 0.036505994 | X13: =DE_Calc_Compare!J438 -> 0.036108325 | Y13: =DE_Calc_Compare!J439 -> 0.037778534 | Z13: =DE_Calc_Compare!J440 -> 0.042550559 | AA13: =DE_Calc_Compare!J441 -> 0.097263155 | AB13: =DE_Calc_Compare!J442 -> 0.097925936 | AC13: =DE_Calc_Compare!J443 -> 0.068241926 | AD13: =DE_Calc_Compare!J444 -> 0.062350537 | AE13: =DE_Calc_Compare!J445 -> 0.055354512 | AF13: =DE_Calc_Compare!J446 -> 0.035937475 | AG13: =DE_Option_Monthly!AG13 -> System fixed at Heat pump; no EV
A14: =DE_Option_Monthly!A14 -> Heating/Cooling Usage | B14: =DE_Option_Monthly!B14 -> Heat pump - Very high | C14: =DE_Option_Monthly!C14 -> Mostly away during the day | D14: =DE_Option_Monthly!D14 -> Heat pump (heating & cooling) | E14: =DE_Option_Monthly!E14 -> Very high | F14: =DE_Option_Monthly!F14 -> No electric vehicle | G14: =DE_Option_Monthly!G14 -> Mostly overnight | H14: =DE_Calc_Compare!H452 -> 6700 | I14: =DE_Calc_Compare!J468 -> 0.026705847 | J14: =DE_Calc_Compare!J469 -> 0.022890726 | K14: =DE_Calc_Compare!J470 -> 0.021204975 | L14: =DE_Calc_Compare!J471 -> 0.020583909 | M14: =DE_Calc_Compare!J472 -> 0.020938804 | N14: =DE_Calc_Compare!J473 -> 0.022358384 | O14: =DE_Calc_Compare!J474 -> 0.037263973 | P14: =DE_Calc_Compare!J475 -> 0.044468341 | Q14: =DE_Calc_Compare!J476 -> 0.050927429 | R14: =DE_Calc_Compare!J477 -> 0.033239464 | S14: =DE_Calc_Compare!J478 -> 0.025233033 | T14: =DE_Calc_Compare!J479 -> 0.02757534 | U14: =DE_Calc_Compare!J480 -> 0.027309169 | V14: =DE_Calc_Compare!J481 -> 0.025605673 | W14: =DE_Calc_Compare!J482 -> 0.036651779 | X14: =DE_Calc_Compare!J483 -> 0.036252522 | Y14: =DE_Calc_Compare!J484 -> 0.037929401 | Z14: =DE_Calc_Compare!J485 -> 0.042720483 | AA14: =DE_Calc_Compare!J486 -> 0.10936976 | AB14: =DE_Calc_Compare!J487 -> 0.11011504 | AC14: =DE_Calc_Compare!J488 -> 0.069062563 | AD14: =DE_Calc_Compare!J489 -> 0.063100327 | AE14: =DE_Calc_Compare!J490 -> 0.056020172 | AF14: =DE_Calc_Compare!J491 -> 0.03247289 | AG14: =DE_Option_Monthly!AG14 -> System fixed at Heat pump; no EV
A15: =DE_Option_Monthly!A15 -> EV Annual Driving | B15: =DE_Option_Monthly!B15 -> No electric vehicle | C15: =DE_Option_Monthly!C15 -> Mostly away during the day | D15: =DE_Option_Monthly!D15 -> No heating or cooling system | E15: =DE_Option_Monthly!E15 -> Medium | F15: =DE_Option_Monthly!F15 -> No electric vehicle | G15: =DE_Option_Monthly!G15 -> Mostly overnight | H15: =DE_Calc_Compare!H497 -> 3500 | I15: =DE_Calc_Compare!J513 -> 0.036449504 | J15: =DE_Calc_Compare!J514 -> 0.031242432 | K15: =DE_Calc_Compare!J515 -> 0.028941632 | L15: =DE_Calc_Compare!J516 -> 0.028093969 | M15: =DE_Calc_Compare!J517 -> 0.028578348 | N15: =DE_Calc_Compare!J518 -> 0.030515863 | O15: =DE_Calc_Compare!J519 -> 0.036328409 | P15: =DE_Calc_Compare!J520 -> 0.043351901 | Q15: =DE_Calc_Compare!J521 -> 0.049648825 | R15: =DE_Calc_Compare!J522 -> 0.032404941 | S15: =DE_Calc_Compare!J523 -> 0.034439332 | T15: =DE_Calc_Compare!J524 -> 0.037636232 | U15: =DE_Calc_Compare!J525 -> 0.037272947 | V15: =DE_Calc_Compare!J526 -> 0.034947929 | W15: =DE_Calc_Compare!J527 -> 0.033349479 | X15: =DE_Calc_Compare!J528 -> 0.032986195 | Y15: =DE_Calc_Compare!J529 -> 0.034511988 | Z15: =DE_Calc_Compare!J530 -> 0.038871397 | AA15: =DE_Calc_Compare!J531 -> 0.071082587 | AB15: =DE_Calc_Compare!J532 -> 0.071566965 | AC15: =DE_Calc_Compare!J533 -> 0.067328651 | AD15: =DE_Calc_Compare!J534 -> 0.061516106 | AE15: =DE_Calc_Compare!J535 -> 0.054613708 | AF15: =DE_Calc_Compare!J536 -> 0.044320659 | AG15: =DE_Option_Monthly!AG15 -> No HVAC; overnight charging
A16: =DE_Option_Monthly!A16 -> EV Annual Driving | B16: =DE_Option_Monthly!B16 -> 5,000 km | C16: =DE_Option_Monthly!C16 -> Mostly away during the day | D16: =DE_Option_Monthly!D16 -> No heating or cooling system | E16: =DE_Option_Monthly!E16 -> Medium | F16: =DE_Option_Monthly!F16 -> 5,000 km | G16: =DE_Option_Monthly!G16 -> Mostly overnight | H16: =DE_Calc_Compare!H542 -> 4400 | I16: =DE_Calc_Compare!J558 -> 0.054562105 | J16: =DE_Calc_Compare!J559 -> 0.050420116 | K16: =DE_Calc_Compare!J560 -> 0.048589935 | L16: =DE_Calc_Compare!J561 -> 0.047915658 | M16: =DE_Calc_Compare!J562 -> 0.048300959 | N16: =DE_Calc_Compare!J563 -> 0.049842164 | O16: =DE_Calc_Compare!J564 -> 0.028897598 | P16: =DE_Calc_Compare!J565 -> 0.034484467 | Q16: =DE_Calc_Compare!J566 -> 0.039493384 | R16: =DE_Calc_Compare!J567 -> 0.025776657 | S16: =DE_Calc_Compare!J568 -> 0.027394923 | T16: =DE_Calc_Compare!J569 -> 0.029937911 | U16: =DE_Calc_Compare!J570 -> 0.029648935 | V16: =DE_Calc_Compare!J571 -> 0.027799489 | W16: =DE_Calc_Compare!J572 -> 0.026527995 | X16: =DE_Calc_Compare!J573 -> 0.026239019 | Y16: =DE_Calc_Compare!J574 -> 0.027452718 | Z16: =DE_Calc_Compare!J575 -> 0.03092043 | AA16: =DE_Calc_Compare!J576 -> 0.056542967 | AB16: =DE_Calc_Compare!J577 -> 0.056928268 | AC16: =DE_Calc_Compare!J578 -> 0.053556881 | AD16: =DE_Calc_Compare!J579 -> 0.048933266 | AE16: =DE_Calc_Compare!J580 -> 0.069010904 | AF16: =DE_Calc_Compare!J581 -> 0.060823251 | AG16: =DE_Option_Monthly!AG16 -> No HVAC; overnight charging
A17: =DE_Option_Monthly!A17 -> EV Annual Driving | B17: =DE_Option_Monthly!B17 -> 10,000 km | C17: =DE_Option_Monthly!C17 -> Mostly away during the day | D17: =DE_Option_Monthly!D17 -> No heating or cooling system | E17: =DE_Option_Monthly!E17 -> Medium | F17: =DE_Option_Monthly!F17 -> 10,000 km | G17: =DE_Option_Monthly!G17 -> Mostly overnight | H17: =DE_Calc_Compare!H587 -> 5300 | I17: =DE_Calc_Compare!J603 -> 0.066523257 | J17: =DE_Calc_Compare!J604 -> 0.063084625 | K17: =DE_Calc_Compare!J605 -> 0.061565229 | L17: =DE_Calc_Compare!J606 -> 0.061005452 | M17: =DE_Calc_Compare!J607 -> 0.061325324 | N17: =DE_Calc_Compare!J608 -> 0.062604815 | O17: =DE_Calc_Compare!J609 -> 0.023990459 | P17: =DE_Calc_Compare!J610 -> 0.028628614 | Q17: =DE_Calc_Compare!J611 -> 0.03278696 | R17: =DE_Calc_Compare!J612 -> 0.021399489 | S17: =DE_Calc_Compare!J613 -> 0.022742955 | T17: =DE_Calc_Compare!J614 -> 0.024854115 | U17: =DE_Calc_Compare!J615 -> 0.024614211 | V17: =DE_Calc_Compare!J616 -> 0.023078821 | W17: =DE_Calc_Compare!J617 -> 0.022023241 | X17: =DE_Calc_Compare!J618 -> 0.021783336 | Y17: =DE_Calc_Compare!J619 -> 0.022790936 | Z17: =DE_Calc_Compare!J620 -> 0.025669791 | AA17: =DE_Calc_Compare!J621 -> 0.046941331 | AB17: =DE_Calc_Compare!J622 -> 0.047261204 | AC17: =DE_Calc_Compare!J623 -> 0.044462317 | AD17: =DE_Calc_Compare!J624 -> 0.040623843 | AE17: =DE_Calc_Compare!J625 -> 0.078518486 | AF17: =DE_Calc_Compare!J626 -> 0.07172119 | AG17: =DE_Option_Monthly!AG17 -> No HVAC; overnight charging
A18: =DE_Option_Monthly!A18 -> EV Annual Driving | B18: =DE_Option_Monthly!B18 -> 15,000 km | C18: =DE_Option_Monthly!C18 -> Mostly away during the day | D18: =DE_Option_Monthly!D18 -> No heating or cooling system | E18: =DE_Option_Monthly!E18 -> Medium | F18: =DE_Option_Monthly!F18 -> 15,000 km | G18: =DE_Option_Monthly!G18 -> Mostly overnight | H18: =DE_Calc_Compare!H632 -> 6200 | I18: =DE_Calc_Compare!J648 -> 0.075011816 | J18: =DE_Calc_Compare!J649 -> 0.07207234 | K18: =DE_Calc_Compare!J650 -> 0.070773502 | L18: =DE_Calc_Compare!J651 -> 0.070294983 | M18: =DE_Calc_Compare!J652 -> 0.070568422 | N18: =DE_Calc_Compare!J653 -> 0.071662181 | O18: =DE_Calc_Compare!J654 -> 0.020507973 | P18: =DE_Calc_Compare!J655 -> 0.024472847 | Q18: =DE_Calc_Compare!J656 -> 0.028027563 | R18: =DE_Calc_Compare!J657 -> 0.018293112 | S18: =DE_Calc_Compare!J658 -> 0.019441558 | T18: =DE_Calc_Compare!J659 -> 0.02124626 | U18: =DE_Calc_Compare!J660 -> 0.02104118 | V18: =DE_Calc_Compare!J661 -> 0.01972867 | W18: =DE_Calc_Compare!J662 -> 0.018826319 | X18: =DE_Calc_Compare!J663 -> 0.018621239 | Y18: =DE_Calc_Compare!J664 -> 0.019482574 | Z18: =DE_Calc_Compare!J665 -> 0.021943531 | AA18: =DE_Calc_Compare!J666 -> 0.040127267 | AB18: =DE_Calc_Compare!J667 -> 0.040400706 | AC18: =DE_Calc_Compare!J668 -> 0.038008109 | AD18: =DE_Calc_Compare!J669 -> 0.034726834 | AE18: =DE_Calc_Compare!J670 -> 0.085265803 | AF18: =DE_Calc_Compare!J671 -> 0.079455211 | AG18: =DE_Option_Monthly!AG18 -> No HVAC; overnight charging
A19: =DE_Option_Monthly!A19 -> EV Annual Driving | B19: =DE_Option_Monthly!B19 -> 20,000 km | C19: =DE_Option_Monthly!C19 -> Mostly away during the day | D19: =DE_Option_Monthly!D19 -> No heating or cooling system | E19: =DE_Option_Monthly!E19 -> Medium | F19: =DE_Option_Monthly!F19 -> 20,000 km | G19: =DE_Option_Monthly!G19 -> Mostly overnight | H19: =DE_Calc_Compare!H677 -> 7100 | I19: =DE_Calc_Compare!J693 -> 0.081348347 | J19: =DE_Calc_Compare!J694 -> 0.07878148 | K19: =DE_Calc_Compare!J695 -> 0.077647284 | L19: =DE_Calc_Compare!J696 -> 0.077229422 | M19: =DE_Calc_Compare!J697 -> 0.0774682 | N19: =DE_Calc_Compare!J698 -> 0.078423313 | O19: =DE_Calc_Compare!J699 -> 0.017908371 | P19: =DE_Calc_Compare!J700 -> 0.021370656 | Q19: =DE_Calc_Compare!J701 -> 0.024474773 | R19: =DE_Calc_Compare!J702 -> 0.015974267 | S19: =DE_Calc_Compare!J703 -> 0.016977135 | T19: =DE_Calc_Compare!J704 -> 0.018553072 | U19: =DE_Calc_Compare!J705 -> 0.018373988 | V19: =DE_Calc_Compare!J706 -> 0.017227852 | W19: =DE_Calc_Compare!J707 -> 0.016439884 | X19: =DE_Calc_Compare!J708 -> 0.0162608 | Y19: =DE_Calc_Compare!J709 -> 0.017012952 | Z19: =DE_Calc_Compare!J710 -> 0.019161956 | AA19: =DE_Calc_Compare!J711 -> 0.035040712 | AB19: =DE_Calc_Compare!J712 -> 0.03527949 | AC19: =DE_Calc_Compare!J713 -> 0.03319018 | AD19: =DE_Calc_Compare!J714 -> 0.030324841 | AE19: =DE_Calc_Compare!J715 -> 0.090302532 | AF19: =DE_Calc_Compare!J716 -> 0.085228494 | AG19: =DE_Option_Monthly!AG19 -> No HVAC; overnight charging
A20: =DE_Option_Monthly!A20 -> EV Annual Driving | B20: =DE_Option_Monthly!B20 -> 25,000+ km | C20: =DE_Option_Monthly!C20 -> Mostly away during the day | D20: =DE_Option_Monthly!D20 -> No heating or cooling system | E20: =DE_Option_Monthly!E20 -> Medium | F20: =DE_Option_Monthly!F20 -> 25,000+ km | G20: =DE_Option_Monthly!G20 -> Mostly overnight | H20: =DE_Calc_Compare!H722 -> 8000 | I20: =DE_Calc_Compare!J738 -> 0.086259158 | J20: =DE_Calc_Compare!J739 -> 0.083981064 | K20: =DE_Calc_Compare!J740 -> 0.082974464 | L20: =DE_Calc_Compare!J741 -> 0.082603612 | M20: =DE_Calc_Compare!J742 -> 0.082815527 | N20: =DE_Calc_Compare!J743 -> 0.08366319 | O20: =DE_Calc_Compare!J744 -> 0.015893679 | P20: =DE_Calc_Compare!J745 -> 0.018966457 | Q20: =DE_Calc_Compare!J746 -> 0.021721361 | R20: =DE_Calc_Compare!J747 -> 0.014177162 | S20: =DE_Calc_Compare!J748 -> 0.015067208 | T20: =DE_Calc_Compare!J749 -> 0.016465851 | U20: =DE_Calc_Compare!J750 -> 0.016306915 | V20: =DE_Calc_Compare!J751 -> 0.015289719 | W20: =DE_Calc_Compare!J752 -> 0.014590397 | X20: =DE_Calc_Compare!J753 -> 0.01443146 | Y20: =DE_Calc_Compare!J754 -> 0.015098995 | Z20: =DE_Calc_Compare!J755 -> 0.017006236 | AA20: =DE_Calc_Compare!J756 -> 0.031098632 | AB20: =DE_Calc_Compare!J757 -> 0.031310547 | AC20: =DE_Calc_Compare!J758 -> 0.029456285 | AD20: =DE_Calc_Compare!J759 -> 0.026913296 | AE20: =DE_Calc_Compare!J760 -> 0.094205997 | AF20: =DE_Calc_Compare!J761 -> 0.089702788 | AG20: =DE_Option_Monthly!AG20 -> No HVAC; overnight charging
A21: =DE_Option_Monthly!A21 -> EV Charging Pattern | B21: =DE_Option_Monthly!B21 -> Mostly overnight | C21: =DE_Option_Monthly!C21 -> Mostly away during the day | D21: =DE_Option_Monthly!D21 -> No heating or cooling system | E21: =DE_Option_Monthly!E21 -> Medium | F21: =DE_Option_Monthly!F21 -> 10,000 km | G21: =DE_Option_Monthly!G21 -> Mostly overnight | H21: =DE_Calc_Compare!H767 -> 5300 | I21: =DE_Calc_Compare!J783 -> 0.066523257 | J21: =DE_Calc_Compare!J784 -> 0.063084625 | K21: =DE_Calc_Compare!J785 -> 0.061565229 | L21: =DE_Calc_Compare!J786 -> 0.061005452 | M21: =DE_Calc_Compare!J787 -> 0.061325324 | N21: =DE_Calc_Compare!J788 -> 0.062604815 | O21: =DE_Calc_Compare!J789 -> 0.023990459 | P21: =DE_Calc_Compare!J790 -> 0.028628614 | Q21: =DE_Calc_Compare!J791 -> 0.03278696 | R21: =DE_Calc_Compare!J792 -> 0.021399489 | S21: =DE_Calc_Compare!J793 -> 0.022742955 | T21: =DE_Calc_Compare!J794 -> 0.024854115 | U21: =DE_Calc_Compare!J795 -> 0.024614211 | V21: =DE_Calc_Compare!J796 -> 0.023078821 | W21: =DE_Calc_Compare!J797 -> 0.022023241 | X21: =DE_Calc_Compare!J798 -> 0.021783336 | Y21: =DE_Calc_Compare!J799 -> 0.022790936 | Z21: =DE_Calc_Compare!J800 -> 0.025669791 | AA21: =DE_Calc_Compare!J801 -> 0.046941331 | AB21: =DE_Calc_Compare!J802 -> 0.047261204 | AC21: =DE_Calc_Compare!J803 -> 0.044462317 | AD21: =DE_Calc_Compare!J804 -> 0.040623843 | AE21: =DE_Calc_Compare!J805 -> 0.078518486 | AF21: =DE_Calc_Compare!J806 -> 0.07172119 | AG21: =DE_Option_Monthly!AG21 -> 10,000 km EV fixed
A22: =DE_Option_Monthly!A22 -> EV Charging Pattern | B22: =DE_Option_Monthly!B22 -> Mixed day and night | C22: =DE_Option_Monthly!C22 -> Mostly away during the day | D22: =DE_Option_Monthly!D22 -> No heating or cooling system | E22: =DE_Option_Monthly!E22 -> Medium | F22: =DE_Option_Monthly!F22 -> 10,000 km | G22: =DE_Option_Monthly!G22 -> Mixed day and night | H22: =DE_Calc_Compare!H812 -> 5300 | I22: =DE_Calc_Compare!J828 -> 0.049542125 | J22: =DE_Calc_Compare!J829 -> 0.046103493 | K22: =DE_Calc_Compare!J830 -> 0.044584097 | L22: =DE_Calc_Compare!J831 -> 0.044024319 | M22: =DE_Calc_Compare!J832 -> 0.044344192 | N22: =DE_Calc_Compare!J833 -> 0.045623683 | O22: =DE_Calc_Compare!J834 -> 0.023990459 | P22: =DE_Calc_Compare!J835 -> 0.028628614 | Q22: =DE_Calc_Compare!J836 -> 0.03278696 | R22: =DE_Calc_Compare!J837 -> 0.021399489 | S22: =DE_Calc_Compare!J838 -> 0.045384464 | T22: =DE_Calc_Compare!J839 -> 0.047495625 | U22: =DE_Calc_Compare!J840 -> 0.04725572 | V22: =DE_Calc_Compare!J841 -> 0.045720331 | W22: =DE_Calc_Compare!J842 -> 0.04466475 | X22: =DE_Calc_Compare!J843 -> 0.044424846 | Y22: =DE_Calc_Compare!J844 -> 0.022790936 | Z22: =DE_Calc_Compare!J845 -> 0.025669791 | AA22: =DE_Calc_Compare!J846 -> 0.046941331 | AB22: =DE_Calc_Compare!J847 -> 0.047261204 | AC22: =DE_Calc_Compare!J848 -> 0.044462317 | AD22: =DE_Calc_Compare!J849 -> 0.040623843 | AE22: =DE_Calc_Compare!J850 -> 0.061537354 | AF22: =DE_Calc_Compare!J851 -> 0.054740058 | AG22: =DE_Option_Monthly!AG22 -> 10,000 km EV fixed
A23: =DE_Option_Monthly!A23 -> EV Charging Pattern | B23: =DE_Option_Monthly!B23 -> Mostly daytime | C23: =DE_Option_Monthly!C23 -> Mostly away during the day | D23: =DE_Option_Monthly!D23 -> No heating or cooling system | E23: =DE_Option_Monthly!E23 -> Medium | F23: =DE_Option_Monthly!F23 -> 10,000 km | G23: =DE_Option_Monthly!G23 -> Mostly daytime | H23: =DE_Calc_Compare!H857 -> 5300 | I23: =DE_Calc_Compare!J873 -> 0.024070427 | J23: =DE_Calc_Compare!J874 -> 0.020631794 | K23: =DE_Calc_Compare!J875 -> 0.019112399 | L23: =DE_Calc_Compare!J876 -> 0.018552621 | M23: =DE_Calc_Compare!J877 -> 0.018872494 | N23: =DE_Calc_Compare!J878 -> 0.020151985 | O23: =DE_Calc_Compare!J879 -> 0.023990459 | P23: =DE_Calc_Compare!J880 -> 0.028628614 | Q23: =DE_Calc_Compare!J881 -> 0.03278696 | R23: =DE_Calc_Compare!J882 -> 0.021399489 | S23: =DE_Calc_Compare!J883 -> 0.079346728 | T23: =DE_Calc_Compare!J884 -> 0.081457889 | U23: =DE_Calc_Compare!J885 -> 0.081217984 | V23: =DE_Calc_Compare!J886 -> 0.079682595 | W23: =DE_Calc_Compare!J887 -> 0.078627015 | X23: =DE_Calc_Compare!J888 -> 0.07838711 | Y23: =DE_Calc_Compare!J889 -> 0.022790936 | Z23: =DE_Calc_Compare!J890 -> 0.025669791 | AA23: =DE_Calc_Compare!J891 -> 0.046941331 | AB23: =DE_Calc_Compare!J892 -> 0.047261204 | AC23: =DE_Calc_Compare!J893 -> 0.044462317 | AD23: =DE_Calc_Compare!J894 -> 0.040623843 | AE23: =DE_Calc_Compare!J895 -> 0.036065656 | AF23: =DE_Calc_Compare!J896 -> 0.02926836 | AG23: =DE_Option_Monthly!AG23 -> 10,000 km EV fixed
A24: =DE_Option_Monthly!A24 -> EV Charging Pattern | B24: =DE_Option_Monthly!B24 -> Solar-optimized charging | C24: =DE_Option_Monthly!C24 -> Mostly away during the day | D24: =DE_Option_Monthly!D24 -> No heating or cooling system | E24: =DE_Option_Monthly!E24 -> Medium | F24: =DE_Option_Monthly!F24 -> 10,000 km | G24: =DE_Option_Monthly!G24 -> Solar-optimized charging | H24: =DE_Calc_Compare!H902 -> 5300 | I24: =DE_Calc_Compare!J918 -> 0.032560993 | J24: =DE_Calc_Compare!J919 -> 0.02912236 | K24: =DE_Calc_Compare!J920 -> 0.027602965 | L24: =DE_Calc_Compare!J921 -> 0.027043187 | M24: =DE_Calc_Compare!J922 -> 0.02736306 | N24: =DE_Calc_Compare!J923 -> 0.028642551 | O24: =DE_Calc_Compare!J924 -> 0.023990459 | P24: =DE_Calc_Compare!J925 -> 0.028628614 | Q24: =DE_Calc_Compare!J926 -> 0.03278696 | R24: =DE_Calc_Compare!J927 -> 0.034984395 | S24: =DE_Calc_Compare!J928 -> 0.047195785 | T24: =DE_Calc_Compare!J929 -> 0.06017487 | U24: =DE_Calc_Compare!J930 -> 0.068085909 | V24: =DE_Calc_Compare!J931 -> 0.0692675 | W24: =DE_Calc_Compare!J932 -> 0.065494939 | X24: =DE_Calc_Compare!J933 -> 0.057104091 | Y24: =DE_Calc_Compare!J934 -> 0.052677728 | Z24: =DE_Calc_Compare!J935 -> 0.025669791 | AA24: =DE_Calc_Compare!J936 -> 0.046941331 | AB24: =DE_Calc_Compare!J937 -> 0.047261204 | AC24: =DE_Calc_Compare!J938 -> 0.044462317 | AD24: =DE_Calc_Compare!J939 -> 0.040623843 | AE24: =DE_Calc_Compare!J940 -> 0.044556222 | AF24: =DE_Calc_Compare!J941 -> 0.037758926 | AG24: =DE_Option_Monthly!AG24 -> 10,000 km EV fixed
A25: Check | I25: =SUM(I4:AF4) -> 1

Sheet DE_Lookups
A1: Daytime Occupancy | B1: Daytime Mult | D1: Heating and Cooling Usage | E1: Annual Usage Mult | F1: Cooling Month Mult | G1: Heating Month Mult | H1: Cooling Peak Mult | I1: Heating Peak Mult | K1: Heating and Cooling System | L1: Base Thermal Load kWh | N1: Electric Vehicle Annual Driving | O1: Mileage km | Q1: EV Charging Pattern | S1: Parameter | T1: Value
A2: Mostly away during the day | B2: 0.6 | D2: Low | E2: 0.7 | F2: 1.05 | G2: 1.08 | H2: 1.1 | I2: 1.08 | K2: No heating or cooling system | L2: 0 | N2: No electric vehicle | O2: 0 | Q2: Mostly overnight | S2: Base annual kWh default | T2: 3500
A3: Working from home | B3: 1.4 | D3: Medium | E3: 1 | F3: 1.1 | G3: 1.15 | H3: 1.2 | I3: 1.15 | K3: Air conditioning | L3: 0 | N3: 5,000 km | O3: 5000 | Q3: Mixed day and night | S3: EV efficiency kWh/km | T3: 0.18
A4: Someone always at home | B4: 1.2 | D4: High | E4: 1.3 | F4: 1.2 | G4: 1.25 | H4: 1.35 | I4: 1.25 | K4: Electric heating | L4: 3000 | N4: 10,000 km | O4: 10000 | Q4: Mostly daytime | S4: Germany cooling season | T4: Jun-Aug
D5: Very high | E5: 1.6 | F5: 1.35 | G5: 1.4 | H5: 1.5 | I5: 1.4 | K5: Heat pump (heating & cooling) | L5: 2000 | N5: 15,000 km | O5: 15000 | Q5: Solar-optimized charging | S5: Germany heating season | T5: Oct-Apr
N6: 20,000 km | O6: 20000 | S6: Cooling peak hours | T6: 14-19
N7: 25,000+ km | O7: 25000 | S7: Heating peak hours | T7: 06-09 & 18-22
S8: Simplified solar smart cap | T8: 80% solar / 20% overnight

Sheet DE_Calc_Compare
A1: Occupancy | B1: =DE_Option_Monthly!C4 -> Mostly away during the day | C1: System | D1: =DE_Option_Monthly!D4 -> No heating or cooling system | E1: Usage | F1: =DE_Option_Monthly!E4 -> Medium | G1: EV | H1: =DE_Option_Monthly!F4 -> No electric vehicle | I1: Charge | J1: =DE_Option_Monthly!G4 -> Mostly overnight | K1: BaseAnnual | L1: =DE_Option_Monthly!$B$1 -> 3500
A2: UsageMult | B2: =INDEX(DE_Lookups!$E$2:$E$5,MATCH(F1,DE_Lookups!$D$2:$D$5,0)) -> 1 | C2: ThermalExtra | D2: =IF(OR(D1="Electric heating",D1="Heat pump (heating & cooling)"),INDEX(DE_Lookups!$L$2:$L$5,MATCH(D1,DE_Lookups!$K$2:$K$5,0))*B2,0) -> 0 | E2: EVExtra | F2: =INDEX(DE_Lookups!$O$2:$O$7,MATCH(H1,DE_Lookups!$N$2:$N$7,0))*0.18 -> 0 | G2: AnnualTotal | H2: =L1+D2+F2 -> 3500 | I2: CoolMonth | J2: =INDEX(DE_Lookups!$F$2:$F$5,MATCH(F1,DE_Lookups!$D$2:$D$5,0)) -> 1.1 | K2: HeatMonth | L2: =INDEX(DE_Lookups!$G$2:$G$5,MATCH(F1,DE_Lookups!$D$2:$D$5,0)) -> 1.15 | M2: CoolPeak | N2: =INDEX(DE_Lookups!$H$2:$H$5,MATCH(F1,DE_Lookups!$D$2:$D$5,0)) -> 1.2 | O2: HeatPeak | P2: =INDEX(DE_Lookups!$I$2:$I$5,MATCH(F1,DE_Lookups!$D$2:$D$5,0)) -> 1.15
A4: =DE_Base_Profile!A6 -> 1月 | B4: =DE_Base_Profile!B6 -> 0.0789 | C4: =L1*B4 -> 276.15 | D4: =1+IF(OR(D1="Air conditioning",D1="Heat pump (heating & cooling)"),IF(DE_Base_Profile!D6=1,J2-1,0),0)+IF(OR(D1="Electric heating",D1="Heat pump (heating & cooling)"),IF(DE_Base_Profile!E6=1,L2-1,0),0) -> 1 | E4: =C4*D4 -> 276.15 | F4: =IF(D1="Electric heating",IF(DE_Base_Profile!E6=1,B4*L2,0),IF(D1="Heat pump (heating & cooling)",IF(DE_Base_Profile!D6=1,B4*J2,0)+IF(DE_Base_Profile!E6=1,B4*L2,0),0)) -> 0 | G4: =IF(SUM($F$4:$F$15)=0,0,D2*F4/SUM($F$4:$F$15)) -> 0 | H4: =F2/12 -> 0 | I4: =E4/SUM($E$4:$E$15)*L1+G4+H4 -> 276.15 | J4: =I4/H2 -> 0.0789
A5: =DE_Base_Profile!A7 -> 2月 | B5: =DE_Base_Profile!B7 -> 0.0791 | C5: =L1*B5 -> 276.85 | D5: =1+IF(OR(D1="Air conditioning",D1="Heat pump (heating & cooling)"),IF(DE_Base_Profile!D7=1,J2-1,0),0)+IF(OR(D1="Electric heating",D1="Heat pump (heating & cooling)"),IF(DE_Base_Profile!E7=1,L2-1,0),0) -> 1 | E5: =C5*D5 -> 276.85 | F5: =IF(D1="Electric heating",IF(DE_Base_Profile!E7=1,B5*L2,0),IF(D1="Heat pump (heating & cooling)",IF(DE_Base_Profile!D7=1,B5*J2,0)+IF(DE_Base_Profile!E7=1,B5*L2,0),0)) -> 0 | G5: =IF(SUM($F$4:$F$15)=0,0,D2*F5/SUM($F$4:$F$15)) -> 0 | H5: =F2/12 -> 0 | I5: =E5/SUM($E$4:$E$15)*L1+G5+H5 -> 276.85 | J5: =I5/H2 -> 0.0791
A6: =DE_Base_Profile!A8 -> 3月 | B6: =DE_Base_Profile!B8 -> 0.0773 | C6: =L1*B6 -> 270.55 | D6: =1+IF(OR(D1="Air conditioning",D1="Heat pump (heating & cooling)"),IF(DE_Base_Profile!D8=1,J2-1,0),0)+IF(OR(D1="Electric heating",D1="Heat pump (heating & cooling)"),IF(DE_Base_Profile!E8=1,L2-1,0),0) -> 1 | E6: =C6*D6 -> 270.55 | F6: =IF(D1="Electric heating",IF(DE_Base_Profile!E8=1,B6*L2,0),IF(D1="Heat pump (heating & cooling)",IF(DE_Base_Profile!D8=1,B6*J2,0)+IF(DE_Base_Profile!E8=1,B6*L2,0),0)) -> 0 | G6: =IF(SUM($F$4:$F$15)=0,0,D2*F6/SUM($F$4:$F$15)) -> 0 | H6: =F2/12 -> 0 | I6: =E6/SUM($E$4:$E$15)*L1+G6+H6 -> 270.55 | J6: =I6/H2 -> 0.0773
A7: =DE_Base_Profile!A9 -> 4月 | B7: =DE_Base_Profile!B9 -> 0.0822 | C7: =L1*B7 -> 287.7 | D7: =1+IF(OR(D1="Air conditioning",D1="Heat pump (heating & cooling)"),IF(DE_Base_Profile!D9=1,J2-1,0),0)+IF(OR(D1="Electric heating",D1="Heat pump (heating & cooling)"),IF(DE_Base_Profile!E9=1,L2-1,0),0) -> 1 | E7: =C7*D7 -> 287.7 | F7: =IF(D1="Electric heating",IF(DE_Base_Profile!E9=1,B7*L2,0),IF(D1="Heat pump (heating & cooling)",IF(DE_Base_Profile!D9=1,B7*J2,0)+IF(DE_Base_Profile!E9=1,B7*L2,0),0)) -> 0 | G7: =IF(SUM($F$4:$F$15)=0,0,D2*F7/SUM($F$4:$F$15)) -> 0 | H7: =F2/12 -> 0 | I7: =E7/SUM($E$4:$E$15)*L1+G7+H7 -> 287.7 | J7: =I7/H2 -> 0.0822
A8: =DE_Base_Profile!A10 -> 5月 | B8: =DE_Base_Profile!B10 -> 0.0839 | C8: =L1*B8 -> 293.65 | D8: =1+IF(OR(D1="Air conditioning",D1="Heat pump (heating & cooling)"),IF(DE_Base_Profile!D10=1,J2-1,0),0)+IF(OR(D1="Electric heating",D1="Heat pump (heating & cooling)"),IF(DE_Base_Profile!E10=1,L2-1,0),0) -> 1 | E8: =C8*D8 -> 293.65 | F8: =IF(D1="Electric heating",IF(DE_Base_Profile!E10=1,B8*L2,0),IF(D1="Heat pump (heating & cooling)",IF(DE_Base_Profile!D10=1,B8*J2,0)+IF(DE_Base_Profile!E10=1,B8*L2,0),0)) -> 0 | G8: =IF(SUM($F$4:$F$15)=0,0,D2*F8/SUM($F$4:$F$15)) -> 0 | H8: =F2/12 -> 0 | I8: =E8/SUM($E$4:$E$15)*L1+G8+H8 -> 293.65 | J8: =I8/H2 -> 0.0839
A9: =DE_Base_Profile!A11 -> 6月 | B9: =DE_Base_Profile!B11 -> 0.0876 | C9: =L1*B9 -> 306.6 | D9: =1+IF(OR(D1="Air conditioning",D1="Heat pump (heating & cooling)"),IF(DE_Base_Profile!D11=1,J2-1,0),0)+IF(OR(D1="Electric heating",D1="Heat pump (heating & cooling)"),IF(DE_Base_Profile!E11=1,L2-1,0),0) -> 1 | E9: =C9*D9 -> 306.6 | F9: =IF(D1="Electric heating",IF(DE_Base_Profile!E11=1,B9*L2,0),IF(D1="Heat pump (heating & cooling)",IF(DE_Base_Profile!D11=1,B9*J2,0)+IF(DE_Base_Profile!E11=1,B9*L2,0),0)) -> 0 | G9: =IF(SUM($F$4:$F$15)=0,0,D2*F9/SUM($F$4:$F$15)) -> 0 | H9: =F2/12 -> 0 | I9: =E9/SUM($E$4:$E$15)*L1+G9+H9 -> 306.6 | J9: =I9/H2 -> 0.0876
A10: =DE_Base_Profile!A12 -> 7月 | B10: =DE_Base_Profile!B12 -> 0.0917 | C10: =L1*B10 -> 320.95 | D10: =1+IF(OR(D1="Air conditioning",D1="Heat pump (heating & cooling)"),IF(DE_Base_Profile!D12=1,J2-1,0),0)+IF(OR(D1="Electric heating",D1="Heat pump (heating & cooling)"),IF(DE_Base_Profile!E12=1,L2-1,0),0) -> 1 | E10: =C10*D10 -> 320.95 | F10: =IF(D1="Electric heating",IF(DE_Base_Profile!E12=1,B10*L2,0),IF(D1="Heat pump (heating & cooling)",IF(DE_Base_Profile!D12=1,B10*J2,0)+IF(DE_Base_Profile!E12=1,B10*L2,0),0)) -> 0 | G10: =IF(SUM($F$4:$F$15)=0,0,D2*F10/SUM($F$4:$F$15)) -> 0 | H10: =F2/12 -> 0 | I10: =E10/SUM($E$4:$E$15)*L1+G10+H10 -> 320.95 | J10: =I10/H2 -> 0.0917
A11: =DE_Base_Profile!A13 -> 8月 | B11: =DE_Base_Profile!B13 -> 0.0887 | C11: =L1*B11 -> 310.45 | D11: =1+IF(OR(D1="Air conditioning",D1="Heat pump (heating & cooling)"),IF(DE_Base_Profile!D13=1,J2-1,0),0)+IF(OR(D1="Electric heating",D1="Heat pump (heating & cooling)"),IF(DE_Base_Profile!E13=1,L2-1,0),0) -> 1 | E11: =C11*D11 -> 310.45 | F11: =IF(D1="Electric heating",IF(DE_Base_Profile!E13=1,B11*L2,0),IF(D1="Heat pump (heating & cooling)",IF(DE_Base_Profile!D13=1,B11*J2,0)+IF(DE_Base_Profile!E13=1,B11*L2,0),0)) -> 0 | G11: =IF(SUM($F$4:$F$15)=0,0,D2*F11/SUM($F$4:$F$15)) -> 0 | H11: =F2/12 -> 0 | I11: =E11/SUM($E$4:$E$15)*L1+G11+H11 -> 310.45 | J11: =I11/H2 -> 0.0887
A12: =DE_Base_Profile!A14 -> 9月 | B12: =DE_Base_Profile!B14 -> 0.0853 | C12: =L1*B12 -> 298.55 | D12: =1+IF(OR(D1="Air conditioning",D1="Heat pump (heating & cooling)"),IF(DE_Base_Profile!D14=1,J2-1,0),0)+IF(OR(D1="Electric heating",D1="Heat pump (heating & cooling)"),IF(DE_Base_Profile!E14=1,L2-1,0),0) -> 1 | E12: =C12*D12 -> 298.55 | F12: =IF(D1="Electric heating",IF(DE_Base_Profile!E14=1,B12*L2,0),IF(D1="Heat pump (heating & cooling)",IF(DE_Base_Profile!D14=1,B12*J2,0)+IF(DE_Base_Profile!E14=1,B12*L2,0),0)) -> 0 | G12: =IF(SUM($F$4:$F$15)=0,0,D2*F12/SUM($F$4:$F$15)) -> 0 | H12: =F2/12 -> 0 | I12: =E12/SUM($E$4:$E$15)*L1+G12+H12 -> 298.55 | J12: =I12/H2 -> 0.0853
A13: =DE_Base_Profile!A15 -> 10月 | B13: =DE_Base_Profile!B15 -> 0.0838 | C13: =L1*B13 -> 293.3 | D13: =1+IF(OR(D1="Air conditioning",D1="Heat pump (heating & cooling)"),IF(DE_Base_Profile!D15=1,J2-1,0),0)+IF(OR(D1="Electric heating",D1="Heat pump (heating & cooling)"),IF(DE_Base_Profile!E15=1,L2-1,0),0) -> 1 | E13: =C13*D13 -> 293.3 | F13: =IF(D1="Electric heating",IF(DE_Base_Profile!E15=1,B13*L2,0),IF(D1="Heat pump (heating & cooling)",IF(DE_Base_Profile!D15=1,B13*J2,0)+IF(DE_Base_Profile!E15=1,B13*L2,0),0)) -> 0 | G13: =IF(SUM($F$4:$F$15)=0,0,D2*F13/SUM($F$4:$F$15)) -> 0 | H13: =F2/12 -> 0 | I13: =E13/SUM($E$4:$E$15)*L1+G13+H13 -> 293.3 | J13: =I13/H2 -> 0.0838
A14: =DE_Base_Profile!A16 -> 11月 | B14: =DE_Base_Profile!B16 -> 0.0819 | C14: =L1*B14 -> 286.65 | D14: =1+IF(OR(D1="Air conditioning",D1="Heat pump (heating & cooling)"),IF(DE_Base_Profile!D16=1,J2-1,0),0)+IF(OR(D1="Electric heating",D1="Heat pump (heating & cooling)"),IF(DE_Base_Profile!E16=1,L2-1,0),0) -> 1 | E14: =C14*D14 -> 286.65 | F14: =IF(D1="Electric heating",IF(DE_Base_Profile!E16=1,B14*L2,0),IF(D1="Heat pump (heating & cooling)",IF(DE_Base_Profile!D16=1,B14*J2,0)+IF(DE_Base_Profile!E16=1,B14*L2,0),0)) -> 0 | G14: =IF(SUM($F$4:$F$15)=0,0,D2*F14/SUM($F$4:$F$15)) -> 0 | H14: =F2/12 -> 0 | I14: =E14/SUM($E$4:$E$15)*L1+G14+H14 -> 286.65 | J14: =I14/H2 -> 0.0819
A15: =DE_Base_Profile!A17 -> 12月 | B15: =DE_Base_Profile!B17 -> 0.0796 | C15: =L1*B15 -> 278.6 | D15: =1+IF(OR(D1="Air conditioning",D1="Heat pump (heating & cooling)"),IF(DE_Base_Profile!D17=1,J2-1,0),0)+IF(OR(D1="Electric heating",D1="Heat pump (heating & cooling)"),IF(DE_Base_Profile!E17=1,L2-1,0),0) -> 1 | E15: =C15*D15 -> 278.6 | F15: =IF(D1="Electric heating",IF(DE_Base_Profile!E17=1,B15*L2,0),IF(D1="Heat pump (heating & cooling)",IF(DE_Base_Profile!D17=1,B15*J2,0)+IF(DE_Base_Profile!E17=1,B15*L2,0),0)) -> 0 | G15: =IF(SUM($F$4:$F$15)=0,0,D2*F15/SUM($F$4:$F$15)) -> 0 | H15: =F2/12 -> 0 | I15: =E15/SUM($E$4:$E$15)*L1+G15+H15 -> 278.6 | J15: =I15/H2 -> 0.0796
A18: =DE_Base_Profile!H6 -> 0 | B18: =DE_Base_Profile!I6 -> 0.0301 | C18: =IF(DE_Base_Profile!J6=1,INDEX(DE_Lookups!$B$2:$B$4,MATCH(B1,DE_Lookups!$A$2:$A$4,0)),1) -> 1 | D18: =IF(OR(D1="Air conditioning",D1="Heat pump (heating & cooling)"),IF(DE_Base_Profile!K6=1,N2,1),1)*IF(OR(D1="Electric heating",D1="Heat pump (heating & cooling)"),IF(DE_Base_Profile!L6=1,P2,1),1) -> 1 | E18: =B18*C18*D18 -> 0.0301 | F18: =E18/SUM($E$18:$E$41) -> 0.036449504 | G18: =((L1+D2)/365)*F18 -> 0.34951579 | H18: =INDEX(DE_Base_Profile!$N$6:$Q$29,ROW()-17,MATCH(J1,DE_Base_Profile!$N$5:$Q$5,0)) -> 0.125 | I18: =(F2/365)*H18 -> 0 | J18: =(G18+I18)/(H2/365) -> 0.036449504
A19: =DE_Base_Profile!H7 -> 1 | B19: =DE_Base_Profile!I7 -> 0.0258 | C19: =IF(DE_Base_Profile!J7=1,INDEX(DE_Lookups!$B$2:$B$4,MATCH(B1,DE_Lookups!$A$2:$A$4,0)),1) -> 1 | D19: =IF(OR(D1="Air conditioning",D1="Heat pump (heating & cooling)"),IF(DE_Base_Profile!K7=1,N2,1),1)*IF(OR(D1="Electric heating",D1="Heat pump (heating & cooling)"),IF(DE_Base_Profile!L7=1,P2,1),1) -> 1 | E19: =B19*C19*D19 -> 0.0258 | F19: =E19/SUM($E$18:$E$41) -> 0.031242432 | G19: =((L1+D2)/365)*F19 -> 0.29958496 | H19: =INDEX(DE_Base_Profile!$N$6:$Q$29,ROW()-17,MATCH(J1,DE_Base_Profile!$N$5:$Q$5,0)) -> 0.125 | I19: =(F2/365)*H19 -> 0 | J19: =(G19+I19)/(H2/365) -> 0.031242432
A20: =DE_Base_Profile!H8 -> 2 | B20: =DE_Base_Profile!I8 -> 0.0239 | C20: =IF(DE_Base_Profile!J8=1,INDEX(DE_Lookups!$B$2:$B$4,MATCH(B1,DE_Lookups!$A$2:$A$4,0)),1) -> 1 | D20: =IF(OR(D1="Air conditioning",D1="Heat pump (heating & cooling)"),IF(DE_Base_Profile!K8=1,N2,1),1)*IF(OR(D1="Electric heating",D1="Heat pump (heating & cooling)"),IF(DE_Base_Profile!L8=1,P2,1),1) -> 1 | E20: =B20*C20*D20 -> 0.0239 | F20: =E20/SUM($E$18:$E$41) -> 0.028941632 | G20: =((L1+D2)/365)*F20 -> 0.2775225 | H20: =INDEX(DE_Base_Profile!$N$6:$Q$29,ROW()-17,MATCH(J1,DE_Base_Profile!$N$5:$Q$5,0)) -> 0.125 | I20: =(F2/365)*H20 -> 0 | J20: =(G20+I20)/(H2/365) -> 0.028941632
A21: =DE_Base_Profile!H9 -> 3 | B21: =DE_Base_Profile!I9 -> 0.0232 | C21: =IF(DE_Base_Profile!J9=1,INDEX(DE_Lookups!$B$2:$B$4,MATCH(B1,DE_Lookups!$A$2:$A$4,0)),1) -> 1 | D21: =IF(OR(D1="Air conditioning",D1="Heat pump (heating & cooling)"),IF(DE_Base_Profile!K9=1,N2,1),1)*IF(OR(D1="Electric heating",D1="Heat pump (heating & cooling)"),IF(DE_Base_Profile!L9=1,P2,1),1) -> 1 | E21: =B21*C21*D21 -> 0.0232 | F21: =E21/SUM($E$18:$E$41) -> 0.028093969 | G21: =((L1+D2)/365)*F21 -> 0.26939423 | H21: =INDEX(DE_Base_Profile!$N$6:$Q$29,ROW()-17,MATCH(J1,DE_Base_Profile!$N$5:$Q$5,0)) -> 0.125 | I21: =(F2/365)*H21 -> 0 | J21: =(G21+I21)/(H2/365) -> 0.028093969
A22: =DE_Base_Profile!H10 -> 4 | B22: =DE_Base_Profile!I10 -> 0.0236 | C22: =IF(DE_Base_Profile!J10=1,INDEX(DE_Lookups!$B$2:$B$4,MATCH(B1,DE_Lookups!$A$2:$A$4,0)),1) -> 1 | D22: =IF(OR(D1="Air conditioning",D1="Heat pump (heating & cooling)"),IF(DE_Base_Profile!K10=1,N2,1),1)*IF(OR(D1="Electric heating",D1="Heat pump (heating & cooling)"),IF(DE_Base_Profile!L10=1,P2,1),1) -> 1 | E22: =B22*C22*D22 -> 0.0236 | F22: =E22/SUM($E$18:$E$41) -> 0.028578348 | G22: =((L1+D2)/365)*F22 -> 0.27403896 | H22: =INDEX(DE_Base_Profile!$N$6:$Q$29,ROW()-17,MATCH(J1,DE_Base_Profile!$N$5:$Q$5,0)) -> 0.125 | I22: =(F2/365)*H22 -> 0 | J22: =(G22+I22)/(H2/365) -> 0.028578348
A23: =DE_Base_Profile!H11 -> 5 | B23: =DE_Base_Profile!I11 -> 0.0252 | C23: =IF(DE_Base_Profile!J11=1,INDEX(DE_Lookups!$B$2:$B$4,MATCH(B1,DE_Lookups!$A$2:$A$4,0)),1) -> 1 | D23: =IF(OR(D1="Air conditioning",D1="Heat pump (heating & cooling)"),IF(DE_Base_Profile!K11=1,N2,1),1)*IF(OR(D1="Electric heating",D1="Heat pump (heating & cooling)"),IF(DE_Base_Profile!L11=1,P2,1),1) -> 1 | E23: =B23*C23*D23 -> 0.0252 | F23: =E23/SUM($E$18:$E$41) -> 0.030515863 | G23: =((L1+D2)/365)*F23 -> 0.29261787 | H23: =INDEX(DE_Base_Profile!$N$6:$Q$29,ROW()-17,MATCH(J1,DE_Base_Profile!$N$5:$Q$5,0)) -> 0.125 | I23: =(F2/365)*H23 -> 0 | J23: =(G23+I23)/(H2/365) -> 0.030515863
A24: =DE_Base_Profile!H12 -> 6 | B24: =DE_Base_Profile!I12 -> 0.03 | C24: =IF(DE_Base_Profile!J12=1,INDEX(DE_Lookups!$B$2:$B$4,MATCH(B1,DE_Lookups!$A$2:$A$4,0)),1) -> 1 | D24: =IF(OR(D1="Air conditioning",D1="Heat pump (heating & cooling)"),IF(DE_Base_Profile!K12=1,N2,1),1)*IF(OR(D1="Electric heating",D1="Heat pump (heating & cooling)"),IF(DE_Base_Profile!L12=1,P2,1),1) -> 1 | E24: =B24*C24*D24 -> 0.03 | F24: =E24/SUM($E$18:$E$41) -> 0.036328409 | G24: =((L1+D2)/365)*F24 -> 0.34835461 | H24: =INDEX(DE_Base_Profile!$N$6:$Q$29,ROW()-17,MATCH(J1,DE_Base_Profile!$N$5:$Q$5,0)) -> 0 | I24: =(F2/365)*H24 -> 0 | J24: =(G24+I24)/(H2/365) -> 0.036328409
A25: =DE_Base_Profile!H13 -> 7 | B25: =DE_Base_Profile!I13 -> 0.0358 | C25: =IF(DE_Base_Profile!J13=1,INDEX(DE_Lookups!$B$2:$B$4,MATCH(B1,DE_Lookups!$A$2:$A$4,0)),1) -> 1 | D25: =IF(OR(D1="Air conditioning",D1="Heat pump (heating & cooling)"),IF(DE_Base_Profile!K13=1,N2,1),1)*IF(OR(D1="Electric heating",D1="Heat pump (heating & cooling)"),IF(DE_Base_Profile!L13=1,P2,1),1) -> 1 | E25: =B25*C25*D25 -> 0.0358 | F25: =E25/SUM($E$18:$E$41) -> 0.043351901 | G25: =((L1+D2)/365)*F25 -> 0.41570316 | H25: =INDEX(DE_Base_Profile!$N$6:$Q$29,ROW()-17,MATCH(J1,DE_Base_Profile!$N$5:$Q$5,0)) -> 0 | I25: =(F2/365)*H25 -> 0 | J25: =(G25+I25)/(H2/365) -> 0.043351901
A26: =DE_Base_Profile!H14 -> 8 | B26: =DE_Base_Profile!I14 -> 0.041 | C26: =IF(DE_Base_Profile!J14=1,INDEX(DE_Lookups!$B$2:$B$4,MATCH(B1,DE_Lookups!$A$2:$A$4,0)),1) -> 1 | D26: =IF(OR(D1="Air conditioning",D1="Heat pump (heating & cooling)"),IF(DE_Base_Profile!K14=1,N2,1),1)*IF(OR(D1="Electric heating",D1="Heat pump (heating & cooling)"),IF(DE_Base_Profile!L14=1,P2,1),1) -> 1 | E26: =B26*C26*D26 -> 0.041 | F26: =E26/SUM($E$18:$E$41) -> 0.049648825 | G26: =((L1+D2)/365)*F26 -> 0.47608463 | H26: =INDEX(DE_Base_Profile!$N$6:$Q$29,ROW()-17,MATCH(J1,DE_Base_Profile!$N$5:$Q$5,0)) -> 0 | I26: =(F2/365)*H26 -> 0 | J26: =(G26+I26)/(H2/365) -> 0.049648825
A27: =DE_Base_Profile!H15 -> 9 | B27: =DE_Base_Profile!I15 -> 0.0446 | C27: =IF(DE_Base_Profile!J15=1,INDEX(DE_Lookups!$B$2:$B$4,MATCH(B1,DE_Lookups!$A$2:$A$4,0)),1) -> 0.6 | D27: =IF(OR(D1="Air conditioning",D1="Heat pump (heating & cooling)"),IF(DE_Base_Profile!K15=1,N2,1),1)*IF(OR(D1="Electric heating",D1="Heat pump (heating & cooling)"),IF(DE_Base_Profile!L15=1,P2,1),1) -> 1 | E27: =B27*C27*D27 -> 0.02676 | F27: =E27/SUM($E$18:$E$41) -> 0.032404941 | G27: =((L1+D2)/365)*F27 -> 0.31073231 | H27: =INDEX(DE_Base_Profile!$N$6:$Q$29,ROW()-17,MATCH(J1,DE_Base_Profile!$N$5:$Q$5,0)) -> 0 | I27: =(F2/365)*H27 -> 0 | J27: =(G27+I27)/(H2/365) -> 0.032404941
A28: =DE_Base_Profile!H16 -> 10 | B28: =DE_Base_Profile!I16 -> 0.0474 | C28: =IF(DE_Base_Profile!J16=1,INDEX(DE_Lookups!$B$2:$B$4,MATCH(B1,DE_Lookups!$A$2:$A$4,0)),1) -> 0.6 | D28: =IF(OR(D1="Air conditioning",D1="Heat pump (heating & cooling)"),IF(DE_Base_Profile!K16=1,N2,1),1)*IF(OR(D1="Electric heating",D1="Heat pump (heating & cooling)"),IF(DE_Base_Profile!L16=1,P2,1),1) -> 1 | E28: =B28*C28*D28 -> 0.02844 | F28: =E28/SUM($E$18:$E$41) -> 0.034439332 | G28: =((L1+D2)/365)*F28 -> 0.33024017 | H28: =INDEX(DE_Base_Profile!$N$6:$Q$29,ROW()-17,MATCH(J1,DE_Base_Profile!$N$5:$Q$5,0)) -> 0 | I28: =(F2/365)*H28 -> 0 | J28: =(G28+I28)/(H2/365) -> 0.034439332
A29: =DE_Base_Profile!H17 -> 11 | B29: =DE_Base_Profile!I17 -> 0.0518 | C29: =IF(DE_Base_Profile!J17=1,INDEX(DE_Lookups!$B$2:$B$4,MATCH(B1,DE_Lookups!$A$2:$A$4,0)),1) -> 0.6 | D29: =IF(OR(D1="Air conditioning",D1="Heat pump (heating & cooling)"),IF(DE_Base_Profile!K17=1,N2,1),1)*IF(OR(D1="Electric heating",D1="Heat pump (heating & cooling)"),IF(DE_Base_Profile!L17=1,P2,1),1) -> 1 | E29: =B29*C29*D29 -> 0.03108 | F29: =E29/SUM($E$18:$E$41) -> 0.037636232 | G29: =((L1+D2)/365)*F29 -> 0.36089537 | H29: =INDEX(DE_Base_Profile!$N$6:$Q$29,ROW()-17,MATCH(J1,DE_Base_Profile!$N$5:$Q$5,0)) -> 0 | I29: =(F2/365)*H29 -> 0 | J29: =(G29+I29)/(H2/365) -> 0.037636232
A30: =DE_Base_Profile!H18 -> 12 | B30: =DE_Base_Profile!I18 -> 0.0513 | C30: =IF(DE_Base_Profile!J18=1,INDEX(DE_Lookups!$B$2:$B$4,MATCH(B1,DE_Lookups!$A$2:$A$4,0)),1) -> 0.6 | D30: =IF(OR(D1="Air conditioning",D1="Heat pump (heating & cooling)"),IF(DE_Base_Profile!K18=1,N2,1),1)*IF(OR(D1="Electric heating",D1="Heat pump (heating & cooling)"),IF(DE_Base_Profile!L18=1,P2,1),1) -> 1 | E30: =B30*C30*D30 -> 0.03078 | F30: =E30/SUM($E$18:$E$41) -> 0.037272947 | G30: =((L1+D2)/365)*F30 -> 0.35741182 | H30: =INDEX(DE_Base_Profile!$N$6:$Q$29,ROW()-17,MATCH(J1,DE_Base_Profile!$N$5:$Q$5,0)) -> 0 | I30: =(F2/365)*H30 -> 0 | J30: =(G30+I30)/(H2/365) -> 0.037272947
A31: =DE_Base_Profile!H19 -> 13 | B31: =DE_Base_Profile!I19 -> 0.0481 | C31: =IF(DE_Base_Profile!J19=1,INDEX(DE_Lookups!$B$2:$B$4,MATCH(B1,DE_Lookups!$A$2:$A$4,0)),1) -> 0.6 | D31: =IF(OR(D1="Air conditioning",D1="Heat pump (heating & cooling)"),IF(DE_Base_Profile!K19=1,N2,1),1)*IF(OR(D1="Electric heating",D1="Heat pump (heating & cooling)"),IF(DE_Base_Profile!L19=1,P2,1),1) -> 1 | E31: =B31*C31*D31 -> 0.02886 | F31: =E31/SUM($E$18:$E$41) -> 0.034947929 | G31: =((L1+D2)/365)*F31 -> 0.33511713 | H31: =INDEX(DE_Base_Profile!$N$6:$Q$29,ROW()-17,MATCH(J1,DE_Base_Profile!$N$5:$Q$5,0)) -> 0 | I31: =(F2/365)*H31 -> 0 | J31: =(G31+I31)/(H2/365) -> 0.034947929
A32: =DE_Base_Profile!H20 -> 14 | B32: =DE_Base_Profile!I20 -> 0.0459 | C32: =IF(DE_Base_Profile!J20=1,INDEX(DE_Lookups!$B$2:$B$4,MATCH(B1,DE_Lookups!$A$2:$A$4,0)),1) -> 0.6 | D32: =IF(OR(D1="Air conditioning",D1="Heat pump (heating & cooling)"),IF(DE_Base_Profile!K20=1,N2,1),1)*IF(OR(D1="Electric heating",D1="Heat pump (heating & cooling)"),IF(DE_Base_Profile!L20=1,P2,1),1) -> 1 | E32: =B32*C32*D32 -> 0.02754 | F32: =E32/SUM($E$18:$E$41) -> 0.033349479 | G32: =((L1+D2)/365)*F32 -> 0.31978953 | H32: =INDEX(DE_Base_Profile!$N$6:$Q$29,ROW()-17,MATCH(J1,DE_Base_Profile!$N$5:$Q$5,0)) -> 0 | I32: =(F2/365)*H32 -> 0 | J32: =(G32+I32)/(H2/365) -> 0.033349479
A33: =DE_Base_Profile!H21 -> 15 | B33: =DE_Base_Profile!I21 -> 0.0454 | C33: =IF(DE_Base_Profile!J21=1,INDEX(DE_Lookups!$B$2:$B$4,MATCH(B1,DE_Lookups!$A$2:$A$4,0)),1) -> 0.6 | D33: =IF(OR(D1="Air conditioning",D1="Heat pump (heating & cooling)"),IF(DE_Base_Profile!K21=1,N2,1),1)*IF(OR(D1="Electric heating",D1="Heat pump (heating & cooling)"),IF(DE_Base_Profile!L21=1,P2,1),1) -> 1 | E33: =B33*C33*D33 -> 0.02724 | F33: =E33/SUM($E$18:$E$41) -> 0.032986195 | G33: =((L1+D2)/365)*F33 -> 0.31630598 | H33: =INDEX(DE_Base_Profile!$N$6:$Q$29,ROW()-17,MATCH(J1,DE_Base_Profile!$N$5:$Q$5,0)) -> 0 | I33: =(F2/365)*H33 -> 0 | J33: =(G33+I33)/(H2/365) -> 0.032986195
A34: =DE_Base_Profile!H22 -> 16 | B34: =DE_Base_Profile!I22 -> 0.0475 | C34: =IF(DE_Base_Profile!J22=1,INDEX(DE_Lookups!$B$2:$B$4,MATCH(B1,DE_Lookups!$A$2:$A$4,0)),1) -> 0.6 | D34: =IF(OR(D1="Air conditioning",D1="Heat pump (heating & cooling)"),IF(DE_Base_Profile!K22=1,N2,1),1)*IF(OR(D1="Electric heating",D1="Heat pump (heating & cooling)"),IF(DE_Base_Profile!L22=1,P2,1),1) -> 1 | E34: =B34*C34*D34 -> 0.0285 | F34: =E34/SUM($E$18:$E$41) -> 0.034511988 | G34: =((L1+D2)/365)*F34 -> 0.33093687 | H34: =INDEX(DE_Base_Profile!$N$6:$Q$29,ROW()-17,MATCH(J1,DE_Base_Profile!$N$5:$Q$5,0)) -> 0 | I34: =(F2/365)*H34 -> 0 | J34: =(G34+I34)/(H2/365) -> 0.034511988
A35: =DE_Base_Profile!H23 -> 17 | B35: =DE_Base_Profile!I23 -> 0.0535 | C35: =IF(DE_Base_Profile!J23=1,INDEX(DE_Lookups!$B$2:$B$4,MATCH(B1,DE_Lookups!$A$2:$A$4,0)),1) -> 0.6 | D35: =IF(OR(D1="Air conditioning",D1="Heat pump (heating & cooling)"),IF(DE_Base_Profile!K23=1,N2,1),1)*IF(OR(D1="Electric heating",D1="Heat pump (heating & cooling)"),IF(DE_Base_Profile!L23=1,P2,1),1) -> 1 | E35: =B35*C35*D35 -> 0.0321 | F35: =E35/SUM($E$18:$E$41) -> 0.038871397 | G35: =((L1+D2)/365)*F35 -> 0.37273943 | H35: =INDEX(DE_Base_Profile!$N$6:$Q$29,ROW()-17,MATCH(J1,DE_Base_Profile!$N$5:$Q$5,0)) -> 0 | I35: =(F2/365)*H35 -> 0 | J35: =(G35+I35)/(H2/365) -> 0.038871397
A36: =DE_Base_Profile!H24 -> 18 | B36: =DE_Base_Profile!I24 -> 0.0587 | C36: =IF(DE_Base_Profile!J24=1,INDEX(DE_Lookups!$B$2:$B$4,MATCH(B1,DE_Lookups!$A$2:$A$4,0)),1) -> 1 | D36: =IF(OR(D1="Air conditioning",D1="Heat pump (heating & cooling)"),IF(DE_Base_Profile!K24=1,N2,1),1)*IF(OR(D1="Electric heating",D1="Heat pump (heating & cooling)"),IF(DE_Base_Profile!L24=1,P2,1),1) -> 1 | E36: =B36*C36*D36 -> 0.0587 | F36: =E36/SUM($E$18:$E$41) -> 0.071082587 | G36: =((L1+D2)/365)*F36 -> 0.68161384 | H36: =INDEX(DE_Base_Profile!$N$6:$Q$29,ROW()-17,MATCH(J1,DE_Base_Profile!$N$5:$Q$5,0)) -> 0 | I36: =(F2/365)*H36 -> 0 | J36: =(G36+I36)/(H2/365) -> 0.071082587
A37: =DE_Base_Profile!H25 -> 19 | B37: =DE_Base_Profile!I25 -> 0.0591 | C37: =IF(DE_Base_Profile!J25=1,INDEX(DE_Lookups!$B$2:$B$4,MATCH(B1,DE_Lookups!$A$2:$A$4,0)),1) -> 1 | D37: =IF(OR(D1="Air conditioning",D1="Heat pump (heating & cooling)"),IF(DE_Base_Profile!K25=1,N2,1),1)*IF(OR(D1="Electric heating",D1="Heat pump (heating & cooling)"),IF(DE_Base_Profile!L25=1,P2,1),1) -> 1 | E37: =B37*C37*D37 -> 0.0591 | F37: =E37/SUM($E$18:$E$41) -> 0.071566965 | G37: =((L1+D2)/365)*F37 -> 0.68625857 | H37: =INDEX(DE_Base_Profile!$N$6:$Q$29,ROW()-17,MATCH(J1,DE_Base_Profile!$N$5:$Q$5,0)) -> 0 | I37: =(F2/365)*H37 -> 0 | J37: =(G37+I37)/(H2/365) -> 0.071566965
A38: =DE_Base_Profile!H26 -> 20 | B38: =DE_Base_Profile!I26 -> 0.0556 | C38: =IF(DE_Base_Profile!J26=1,INDEX(DE_Lookups!$B$2:$B$4,MATCH(B1,DE_Lookups!$A$2:$A$4,0)),1) -> 1 | D38: =IF(OR(D1="Air conditioning",D1="Heat pump (heating & cooling)"),IF(DE_Base_Profile!K26=1,N2,1),1)*IF(OR(D1="Electric heating",D1="Heat pump (heating & cooling)"),IF(DE_Base_Profile!L26=1,P2,1),1) -> 1 | E38: =B38*C38*D38 -> 0.0556 | F38: =E38/SUM($E$18:$E$41) -> 0.067328651 | G38: =((L1+D2)/365)*F38 -> 0.6456172 | H38: =INDEX(DE_Base_Profile!$N$6:$Q$29,ROW()-17,MATCH(J1,DE_Base_Profile!$N$5:$Q$5,0)) -> 0 | I38: =(F2/365)*H38 -> 0 | J38: =(G38+I38)/(H2/365) -> 0.067328651
A39: =DE_Base_Profile!H27 -> 21 | B39: =DE_Base_Profile!I27 -> 0.0508 | C39: =IF(DE_Base_Profile!J27=1,INDEX(DE_Lookups!$B$2:$B$4,MATCH(B1,DE_Lookups!$A$2:$A$4,0)),1) -> 1 | D39: =IF(OR(D1="Air conditioning",D1="Heat pump (heating & cooling)"),IF(DE_Base_Profile!K27=1,N2,1),1)*IF(OR(D1="Electric heating",D1="Heat pump (heating & cooling)"),IF(DE_Base_Profile!L27=1,P2,1),1) -> 1 | E39: =B39*C39*D39 -> 0.0508 | F39: =E39/SUM($E$18:$E$41) -> 0.061516106 | G39: =((L1+D2)/365)*F39 -> 0.58988046 | H39: =INDEX(DE_Base_Profile!$N$6:$Q$29,ROW()-17,MATCH(J1,DE_Base_Profile!$N$5:$Q$5,0)) -> 0 | I39: =(F2/365)*H39 -> 0 | J39: =(G39+I39)/(H2/365) -> 0.061516106
A40: =DE_Base_Profile!H28 -> 22 | B40: =DE_Base_Profile!I28 -> 0.0451 | C40: =IF(DE_Base_Profile!J28=1,INDEX(DE_Lookups!$B$2:$B$4,MATCH(B1,DE_Lookups!$A$2:$A$4,0)),1) -> 1 | D40: =IF(OR(D1="Air conditioning",D1="Heat pump (heating & cooling)"),IF(DE_Base_Profile!K28=1,N2,1),1)*IF(OR(D1="Electric heating",D1="Heat pump (heating & cooling)"),IF(DE_Base_Profile!L28=1,P2,1),1) -> 1 | E40: =B40*C40*D40 -> 0.0451 | F40: =E40/SUM($E$18:$E$41) -> 0.054613708 | G40: =((L1+D2)/365)*F40 -> 0.52369309 | H40: =INDEX(DE_Base_Profile!$N$6:$Q$29,ROW()-17,MATCH(J1,DE_Base_Profile!$N$5:$Q$5,0)) -> 0.125 | I40: =(F2/365)*H40 -> 0 | J40: =(G40+I40)/(H2/365) -> 0.054613708
A41: =DE_Base_Profile!H29 -> 23 | B41: =DE_Base_Profile!I29 -> 0.0366 | C41: =IF(DE_Base_Profile!J29=1,INDEX(DE_Lookups!$B$2:$B$4,MATCH(B1,DE_Lookups!$A$2:$A$4,0)),1) -> 1 | D41: =IF(OR(D1="Air conditioning",D1="Heat pump (heating & cooling)"),IF(DE_Base_Profile!K29=1,N2,1),1)*IF(OR(D1="Electric heating",D1="Heat pump (heating & cooling)"),IF(DE_Base_Profile!L29=1,P2,1),1) -> 1 | E41: =B41*C41*D41 -> 0.0366 | F41: =E41/SUM($E$18:$E$41) -> 0.044320659 | G41: =((L1+D2)/365)*F41 -> 0.42499262 | H41: =INDEX(DE_Base_Profile!$N$6:$Q$29,ROW()-17,MATCH(J1,DE_Base_Profile!$N$5:$Q$5,0)) -> 0.125 | I41: =(F2/365)*H41 -> 0 | J41: =(G41+I41)/(H2/365) -> 0.044320659
A46: Occupancy | B46: =DE_Option_Monthly!C5 -> Working from home | C46: System | D46: =DE_Option_Monthly!D5 -> No heating or cooling system | E46: Usage | F46: =DE_Option_Monthly!E5 -> Medium | G46: EV | H46: =DE_Option_Monthly!F5 -> No electric vehicle | I46: Charge | J46: =DE_Option_Monthly!G5 -> Mostly overnight | K46: BaseAnnual | L46: =DE_Option_Monthly!$B$1 -> 3500
A47: UsageMult | B47: =INDEX(DE_Lookups!$E$2:$E$5,MATCH(F46,DE_Lookups!$D$2:$D$5,0)) -> 1 | C47: ThermalExtra | D47: =IF(OR(D46="Electric heating",D46="Heat pump (heating & cooling)"),INDEX(DE_Lookups!$L$2:$L$5,MATCH(D46,DE_Lookups!$K$2:$K$5,0))*B47,0) -> 0 | E47: EVExtra | F47: =INDEX(DE_Lookups!$O$2:$O$7,MATCH(H46,DE_Lookups!$N$2:$N$7,0))*0.18 -> 0 | G47: AnnualTotal | H47: =L46+D47+F47 -> 3500 | I47: CoolMonth | J47: =INDEX(DE_Lookups!$F$2:$F$5,MATCH(F46,DE_Lookups!$D$2:$D$5,0)) -> 1.1 | K47: HeatMonth | L47: =INDEX(DE_Lookups!$G$2:$G$5,MATCH(F46,DE_Lookups!$D$2:$D$5,0)) -> 1.15 | M47: CoolPeak | N47: =INDEX(DE_Lookups!$H$2:$H$5,MATCH(F46,DE_Lookups!$D$2:$D$5,0)) -> 1.2 | O47: HeatPeak | P47: =INDEX(DE_Lookups!$I$2:$I$5,MATCH(F46,DE_Lookups!$D$2:$D$5,0)) -> 1.15
A49: =DE_Base_Profile!A6 -> 1月 | B49: =DE_Base_Profile!B6 -> 0.0789 | C49: =L46*B49 -> 276.15 | D49: =1+IF(OR(D46="Air conditioning",D46="Heat pump (heating & cooling)"),IF(DE_Base_Profile!D6=1,J47-1,0),0)+IF(OR(D46="Electric heating",D46="Heat pump (heating & cooling)"),IF(DE_Base_Profile!E6=1,L47-1,0),0) -> 1 | E49: =C49*D49 -> 276.15 | F49: =IF(D46="Electric heating",IF(DE_Base_Profile!E6=1,B49*L47,0),IF(D46="Heat pump (heating & cooling)",IF(DE_Base_Profile!D6=1,B49*J47,0)+IF(DE_Base_Profile!E6=1,B49*L47,0),0)) -> 0 | G49: =IF(SUM($F$49:$F$60)=0,0,D47*F49/SUM($F$49:$F$60)) -> 0 | H49: =F47/12 -> 0 | I49: =E49/SUM($E$49:$E$60)*L46+G49+H49 -> 276.15 | J49: =I49/H47 -> 0.0789
A50: =DE_Base_Profile!A7 -> 2月 | B50: =DE_Base_Profile!B7 -> 0.0791 | C50: =L46*B50 -> 276.85 | D50: =1+IF(OR(D46="Air conditioning",D46="Heat pump (heating & cooling)"),IF(DE_Base_Profile!D7=1,J47-1,0),0)+IF(OR(D46="Electric heating",D46="Heat pump (heating & cooling)"),IF(DE_Base_Profile!E7=1,L47-1,0),0) -> 1 | E50: =C50*D50 -> 276.85 | F50: =IF(D46="Electric heating",IF(DE_Base_Profile!E7=1,B50*L47,0),IF(D46="Heat pump (heating & cooling)",IF(DE_Base_Profile!D7=1,B50*J47,0)+IF(DE_Base_Profile!E7=1,B50*L47,0),0)) -> 0 | G50: =IF(SUM($F$49:$F$60)=0,0,D47*F50/SUM($F$49:$F$60)) -> 0 | H50: =F47/12 -> 0 | I50: =E50/SUM($E$49:$E$60)*L46+G50+H50 -> 276.85 | J50: =I50/H47 -> 0.0791
A51: =DE_Base_Profile!A8 -> 3月 | B51: =DE_Base_Profile!B8 -> 0.0773 | C51: =L46*B51 -> 270.55 | D51: =1+IF(OR(D46="Air conditioning",D46="Heat pump (heating & cooling)"),IF(DE_Base_Profile!D8=1,J47-1,0),0)+IF(OR(D46="Electric heating",D46="Heat pump (heating & cooling)"),IF(DE_Base_Profile!E8=1,L47-1,0),0) -> 1 | E51: =C51*D51 -> 270.55 | F51: =IF(D46="Electric heating",IF(DE_Base_Profile!E8=1,B51*L47,0),IF(D46="Heat pump (heating & cooling)",IF(DE_Base_Profile!D8=1,B51*J47,0)+IF(DE_Base_Profile!E8=1,B51*L47,0),0)) -> 0 | G51: =IF(SUM($F$49:$F$60)=0,0,D47*F51/SUM($F$49:$F$60)) -> 0 | H51: =F47/12 -> 0 | I51: =E51/SUM($E$49:$E$60)*L46+G51+H51 -> 270.55 | J51: =I51/H47 -> 0.0773
A52: =DE_Base_Profile!A9 -> 4月 | B52: =DE_Base_Profile!B9 -> 0.0822 | C52: =L46*B52 -> 287.7 | D52: =1+IF(OR(D46="Air conditioning",D46="Heat pump (heating & cooling)"),IF(DE_Base_Profile!D9=1,J47-1,0),0)+IF(OR(D46="Electric heating",D46="Heat pump (heating & cooling)"),IF(DE_Base_Profile!E9=1,L47-1,0),0) -> 1 | E52: =C52*D52 -> 287.7 | F52: =IF(D46="Electric heating",IF(DE_Base_Profile!E9=1,B52*L47,0),IF(D46="Heat pump (heating & cooling)",IF(DE_Base_Profile!D9=1,B52*J47,0)+IF(DE_Base_Profile!E9=1,B52*L47,0),0)) -> 0 | G52: =IF(SUM($F$49:$F$60)=0,0,D47*F52/SUM($F$49:$F$60)) -> 0 | H52: =F47/12 -> 0 | I52: =E52/SUM($E$49:$E$60)*L46+G52+H52 -> 287.7 | J52: =I52/H47 -> 0.0822
A53: =DE_Base_Profile!A10 -> 5月 | B53: =DE_Base_Profile!B10 -> 0.0839 | C53: =L46*B53 -> 293.65 | D53: =1+IF(OR(D46="Air conditioning",D46="Heat pump (heating & cooling)"),IF(DE_Base_Profile!D10=1,J47-1,0),0)+IF(OR(D46="Electric heating",D46="Heat pump (heating & cooling)"),IF(DE_Base_Profile!E10=1,L47-1,0),0) -> 1 | E53: =C53*D53 -> 293.65 | F53: =IF(D46="Electric heating",IF(DE_Base_Profile!E10=1,B53*L47,0),IF(D46="Heat pump (heating & cooling)",IF(DE_Base_Profile!D10=1,B53*J47,0)+IF(DE_Base_Profile!E10=1,B53*L47,0),0)) -> 0 | G53: =IF(SUM($F$49:$F$60)=0,0,D47*F53/SUM($F$49:$F$60)) -> 0 | H53: =F47/12 -> 0 | I53: =E53/SUM($E$49:$E$60)*L46+G53+H53 -> 293.65 | J53: =I53/H47 -> 0.0839
A54: =DE_Base_Profile!A11 -> 6月 | B54: =DE_Base_Profile!B11 -> 0.0876 | C54: =L46*B54 -> 306.6 | D54: =1+IF(OR(D46="Air conditioning",D46="Heat pump (heating & cooling)"),IF(DE_Base_Profile!D11=1,J47-1,0),0)+IF(OR(D46="Electric heating",D46="Heat pump (heating & cooling)"),IF(DE_Base_Profile!E11=1,L47-1,0),0) -> 1 | E54: =C54*D54 -> 306.6 | F54: =IF(D46="Electric heating",IF(DE_Base_Profile!E11=1,B54*L47,0),IF(D46="Heat pump (heating & cooling)",IF(DE_Base_Profile!D11=1,B54*J47,0)+IF(DE_Base_Profile!E11=1,B54*L47,0),0)) -> 0 | G54: =IF(SUM($F$49:$F$60)=0,0,D47*F54/SUM($F$49:$F$60)) -> 0 | H54: =F47/12 -> 0 | I54: =E54/SUM($E$49:$E$60)*L46+G54+H54 -> 306.6 | J54: =I54/H47 -> 0.0876
A55: =DE_Base_Profile!A12 -> 7月 | B55: =DE_Base_Profile!B12 -> 0.0917 | C55: =L46*B55 -> 320.95 | D55: =1+IF(OR(D46="Air conditioning",D46="Heat pump (heating & cooling)"),IF(DE_Base_Profile!D12=1,J47-1,0),0)+IF(OR(D46="Electric heating",D46="Heat pump (heating & cooling)"),IF(DE_Base_Profile!E12=1,L47-1,0),0) -> 1 | E55: =C55*D55 -> 320.95 | F55: =IF(D46="Electric heating",IF(DE_Base_Profile!E12=1,B55*L47,0),IF(D46="Heat pump (heating & cooling)",IF(DE_Base_Profile!D12=1,B55*J47,0)+IF(DE_Base_Profile!E12=1,B55*L47,0),0)) -> 0 | G55: =IF(SUM($F$49:$F$60)=0,0,D47*F55/SUM($F$49:$F$60)) -> 0 | H55: =F47/12 -> 0 | I55: =E55/SUM($E$49:$E$60)*L46+G55+H55 -> 320.95 | J55: =I55/H47 -> 0.0917
A56: =DE_Base_Profile!A13 -> 8月 | B56: =DE_Base_Profile!B13 -> 0.0887 | C56: =L46*B56 -> 310.45 | D56: =1+IF(OR(D46="Air conditioning",D46="Heat pump (heating & cooling)"),IF(DE_Base_Profile!D13=1,J47-1,0),0)+IF(OR(D46="Electric heating",D46="Heat pump (heating & cooling)"),IF(DE_Base_Profile!E13=1,L47-1,0),0) -> 1 | E56: =C56*D56 -> 310.45 | F56: =IF(D46="Electric heating",IF(DE_Base_Profile!E13=1,B56*L47,0),IF(D46="Heat pump (heating & cooling)",IF(DE_Base_Profile!D13=1,B56*J47,0)+IF(DE_Base_Profile!E13=1,B56*L47,0),0)) -> 0 | G56: =IF(SUM($F$49:$F$60)=0,0,D47*F56/SUM($F$49:$F$60)) -> 0 | H56: =F47/12 -> 0 | I56: =E56/SUM($E$49:$E$60)*L46+G56+H56 -> 310.45 | J56: =I56/H47 -> 0.0887
A57: =DE_Base_Profile!A14 -> 9月 | B57: =DE_Base_Profile!B14 -> 0.0853 | C57: =L46*B57 -> 298.55 | D57: =1+IF(OR(D46="Air conditioning",D46="Heat pump (heating & cooling)"),IF(DE_Base_Profile!D14=1,J47-1,0),0)+IF(OR(D46="Electric heating",D46="Heat pump (heating & cooling)"),IF(DE_Base_Profile!E14=1,L47-1,0),0) -> 1 | E57: =C57*D57 -> 298.55 | F57: =IF(D46="Electric heating",IF(DE_Base_Profile!E14=1,B57*L47,0),IF(D46="Heat pump (heating & cooling)",IF(DE_Base_Profile!D14=1,B57*J47,0)+IF(DE_Base_Profile!E14=1,B57*L47,0),0)) -> 0 | G57: =IF(SUM($F$49:$F$60)=0,0,D47*F57/SUM($F$49:$F$60)) -> 0 | H57: =F47/12 -> 0 | I57: =E57/SUM($E$49:$E$60)*L46+G57+H57 -> 298.55 | J57: =I57/H47 -> 0.0853
A58: =DE_Base_Profile!A15 -> 10月 | B58: =DE_Base_Profile!B15 -> 0.0838 | C58: =L46*B58 -> 293.3 | D58: =1+IF(OR(D46="Air conditioning",D46="Heat pump (heating & cooling)"),IF(DE_Base_Profile!D15=1,J47-1,0),0)+IF(OR(D46="Electric heating",D46="Heat pump (heating & cooling)"),IF(DE_Base_Profile!E15=1,L47-1,0),0) -> 1 | E58: =C58*D58 -> 293.3 | F58: =IF(D46="Electric heating",IF(DE_Base_Profile!E15=1,B58*L47,0),IF(D46="Heat pump (heating & cooling)",IF(DE_Base_Profile!D15=1,B58*J47,0)+IF(DE_Base_Profile!E15=1,B58*L47,0),0)) -> 0 | G58: =IF(SUM($F$49:$F$60)=0,0,D47*F58/SUM($F$49:$F$60)) -> 0 | H58: =F47/12 -> 0 | I58: =E58/SUM($E$49:$E$60)*L46+G58+H58 -> 293.3 | J58: =I58/H47 -> 0.0838
A59: =DE_Base_Profile!A16 -> 11月 | B59: =DE_Base_Profile!B16 -> 0.0819 | C59: =L46*B59 -> 286.65 | D59: =1+IF(OR(D46="Air conditioning",D46="Heat pump (heating & cooling)"),IF(DE_Base_Profile!D16=1,J47-1,0),0)+IF(OR(D46="Electric heating",D46="Heat pump (heating & cooling)"),IF(DE_Base_Profile!E16=1,L47-1,0),0) -> 1 | E59: =C59*D59 -> 286.65 | F59: =IF(D46="Electric heating",IF(DE_Base_Profile!E16=1,B59*L47,0),IF(D46="Heat pump (heating & cooling)",IF(DE_Base_Profile!D16=1,B59*J47,0)+IF(DE_Base_Profile!E16=1,B59*L47,0),0)) -> 0 | G59: =IF(SUM($F$49:$F$60)=0,0,D47*F59/SUM($F$49:$F$60)) -> 0 | H59: =F47/12 -> 0 | I59: =E59/SUM($E$49:$E$60)*L46+G59+H59 -> 286.65 | J59: =I59/H47 -> 0.0819
A60: =DE_Base_Profile!A17 -> 12月 | B60: =DE_Base_Profile!B17 -> 0.0796 | C60: =L46*B60 -> 278.6 | D60: =1+IF(OR(D46="Air conditioning",D46="Heat pump (heating & cooling)"),IF(DE_Base_Profile!D17=1,J47-1,0),0)+IF(OR(D46="Electric heating",D46="Heat pump (heating & cooling)"),IF(DE_Base_Profile!E17=1,L47-1,0),0) -> 1 | E60: =C60*D60 -> 278.6 | F60: =IF(D46="Electric heating",IF(DE_Base_Profile!E17=1,B60*L47,0),IF(D46="Heat pump (heating & cooling)",IF(DE_Base_Profile!D17=1,B60*J47,0)+IF(DE_Base_Profile!E17=1,B60*L47,0),0)) -> 0 | G60: =IF(SUM($F$49:$F$60)=0,0,D47*F60/SUM($F$49:$F$60)) -> 0 | H60: =F47/12 -> 0 | I60: =E60/SUM($E$49:$E$60)*L46+G60+H60 -> 278.6 | J60: =I60/H47 -> 0.0796
A63: =DE_Base_Profile!H6 -> 0 | B63: =DE_Base_Profile!I6 -> 0.0301 | C63: =IF(DE_Base_Profile!J6=1,INDEX(DE_Lookups!$B$2:$B$4,MATCH(B46,DE_Lookups!$A$2:$A$4,0)),1) -> 1 | D63: =IF(OR(D46="Air conditioning",D46="Heat pump (heating & cooling)"),IF(DE_Base_Profile!K6=1,N47,1),1)*IF(OR(D46="Electric heating",D46="Heat pump (heating & cooling)"),IF(DE_Base_Profile!L6=1,P47,1),1) -> 1 | E63: =B63*C63*D63 -> 0.0301 | F63: =E63/SUM($E$63:$E$86) -> 0.025634475 | G63: =((L46+D47)/365)*F63 -> 0.24581003 | H63: =INDEX(DE_Base_Profile!$N$6:$Q$29,ROW()-62,MATCH(J46,DE_Base_Profile!$N$5:$Q$5,0)) -> 0.125 | I63: =(F47/365)*H63 -> 0 | J63: =(G63+I63)/(H47/365) -> 0.025634475
A64: =DE_Base_Profile!H7 -> 1 | B64: =DE_Base_Profile!I7 -> 0.0258 | C64: =IF(DE_Base_Profile!J7=1,INDEX(DE_Lookups!$B$2:$B$4,MATCH(B46,DE_Lookups!$A$2:$A$4,0)),1) -> 1 | D64: =IF(OR(D46="Air conditioning",D46="Heat pump (heating & cooling)"),IF(DE_Base_Profile!K7=1,N47,1),1)*IF(OR(D46="Electric heating",D46="Heat pump (heating & cooling)"),IF(DE_Base_Profile!L7=1,P47,1),1) -> 1 | E64: =B64*C64*D64 -> 0.0258 | F64: =E64/SUM($E$63:$E$86) -> 0.021972407 | G64: =((L46+D47)/365)*F64 -> 0.21069431 | H64: =INDEX(DE_Base_Profile!$N$6:$Q$29,ROW()-62,MATCH(J46,DE_Base_Profile!$N$5:$Q$5,0)) -> 0.125 | I64: =(F47/365)*H64 -> 0 | J64: =(G64+I64)/(H47/365) -> 0.021972407
A65: =DE_Base_Profile!H8 -> 2 | B65: =DE_Base_Profile!I8 -> 0.0239 | C65: =IF(DE_Base_Profile!J8=1,INDEX(DE_Lookups!$B$2:$B$4,MATCH(B46,DE_Lookups!$A$2:$A$4,0)),1) -> 1 | D65: =IF(OR(D46="Air conditioning",D46="Heat pump (heating & cooling)"),IF(DE_Base_Profile!K8=1,N47,1),1)*IF(OR(D46="Electric heating",D46="Heat pump (heating & cooling)"),IF(DE_Base_Profile!L8=1,P47,1),1) -> 1 | E65: =B65*C65*D65 -> 0.0239 | F65: =E65/SUM($E$63:$E$86) -> 0.020354284 | G65: =((L46+D47)/365)*F65 -> 0.19517806 | H65: =INDEX(DE_Base_Profile!$N$6:$Q$29,ROW()-62,MATCH(J46,DE_Base_Profile!$N$5:$Q$5,0)) -> 0.125 | I65: =(F47/365)*H65 -> 0 | J65: =(G65+I65)/(H47/365) -> 0.020354284
A66: =DE_Base_Profile!H9 -> 3 | B66: =DE_Base_Profile!I9 -> 0.0232 | C66: =IF(DE_Base_Profile!J9=1,INDEX(DE_Lookups!$B$2:$B$4,MATCH(B46,DE_Lookups!$A$2:$A$4,0)),1) -> 1 | D66: =IF(OR(D46="Air conditioning",D46="Heat pump (heating & cooling)"),IF(DE_Base_Profile!K9=1,N47,1),1)*IF(OR(D46="Electric heating",D46="Heat pump (heating & cooling)"),IF(DE_Base_Profile!L9=1,P47,1),1) -> 1 | E66: =B66*C66*D66 -> 0.0232 | F66: =E66/SUM($E$63:$E$86) -> 0.019758133 | G66: =((L46+D47)/365)*F66 -> 0.18946155 | H66: =INDEX(DE_Base_Profile!$N$6:$Q$29,ROW()-62,MATCH(J46,DE_Base_Profile!$N$5:$Q$5,0)) -> 0.125 | I66: =(F47/365)*H66 -> 0 | J66: =(G66+I66)/(H47/365) -> 0.019758133
A67: =DE_Base_Profile!H10 -> 4 | B67: =DE_Base_Profile!I10 -> 0.0236 | C67: =IF(DE_Base_Profile!J10=1,INDEX(DE_Lookups!$B$2:$B$4,MATCH(B46,DE_Lookups!$A$2:$A$4,0)),1) -> 1 | D67: =IF(OR(D46="Air conditioning",D46="Heat pump (heating & cooling)"),IF(DE_Base_Profile!K10=1,N47,1),1)*IF(OR(D46="Electric heating",D46="Heat pump (heating & cooling)"),IF(DE_Base_Profile!L10=1,P47,1),1) -> 1 | E67: =B67*C67*D67 -> 0.0236 | F67: =E67/SUM($E$63:$E$86) -> 0.020098791 | G67: =((L46+D47)/365)*F67 -> 0.19272813 | H67: =INDEX(DE_Base_Profile!$N$6:$Q$29,ROW()-62,MATCH(J46,DE_Base_Profile!$N$5:$Q$5,0)) -> 0.125 | I67: =(F47/365)*H67 -> 0 | J67: =(G67+I67)/(H47/365) -> 0.020098791
A68: =DE_Base_Profile!H11 -> 5 | B68: =DE_Base_Profile!I11 -> 0.0252 | C68: =IF(DE_Base_Profile!J11=1,INDEX(DE_Lookups!$B$2:$B$4,MATCH(B46,DE_Lookups!$A$2:$A$4,0)),1) -> 1 | D68: =IF(OR(D46="Air conditioning",D46="Heat pump (heating & cooling)"),IF(DE_Base_Profile!K11=1,N47,1),1)*IF(OR(D46="Electric heating",D46="Heat pump (heating & cooling)"),IF(DE_Base_Profile!L11=1,P47,1),1) -> 1 | E68: =B68*C68*D68 -> 0.0252 | F68: =E68/SUM($E$63:$E$86) -> 0.021461421 | G68: =((L46+D47)/365)*F68 -> 0.20579444 | H68: =INDEX(DE_Base_Profile!$N$6:$Q$29,ROW()-62,MATCH(J46,DE_Base_Profile!$N$5:$Q$5,0)) -> 0.125 | I68: =(F47/365)*H68 -> 0 | J68: =(G68+I68)/(H47/365) -> 0.021461421
A69: =DE_Base_Profile!H12 -> 6 | B69: =DE_Base_Profile!I12 -> 0.03 | C69: =IF(DE_Base_Profile!J12=1,INDEX(DE_Lookups!$B$2:$B$4,MATCH(B46,DE_Lookups!$A$2:$A$4,0)),1) -> 1 | D69: =IF(OR(D46="Air conditioning",D46="Heat pump (heating & cooling)"),IF(DE_Base_Profile!K12=1,N47,1),1)*IF(OR(D46="Electric heating",D46="Heat pump (heating & cooling)"),IF(DE_Base_Profile!L12=1,P47,1),1) -> 1 | E69: =B69*C69*D69 -> 0.03 | F69: =E69/SUM($E$63:$E$86) -> 0.02554931 | G69: =((L46+D47)/365)*F69 -> 0.24499339 | H69: =INDEX(DE_Base_Profile!$N$6:$Q$29,ROW()-62,MATCH(J46,DE_Base_Profile!$N$5:$Q$5,0)) -> 0 | I69: =(F47/365)*H69 -> 0 | J69: =(G69+I69)/(H47/365) -> 0.02554931
A70: =DE_Base_Profile!H13 -> 7 | B70: =DE_Base_Profile!I13 -> 0.0358 | C70: =IF(DE_Base_Profile!J13=1,INDEX(DE_Lookups!$B$2:$B$4,MATCH(B46,DE_Lookups!$A$2:$A$4,0)),1) -> 1 | D70: =IF(OR(D46="Air conditioning",D46="Heat pump (heating & cooling)"),IF(DE_Base_Profile!K13=1,N47,1),1)*IF(OR(D46="Electric heating",D46="Heat pump (heating & cooling)"),IF(DE_Base_Profile!L13=1,P47,1),1) -> 1 | E70: =B70*C70*D70 -> 0.0358 | F70: =E70/SUM($E$63:$E$86) -> 0.030488843 | G70: =((L46+D47)/365)*F70 -> 0.29235877 | H70: =INDEX(DE_Base_Profile!$N$6:$Q$29,ROW()-62,MATCH(J46,DE_Base_Profile!$N$5:$Q$5,0)) -> 0 | I70: =(F47/365)*H70 -> 0 | J70: =(G70+I70)/(H47/365) -> 0.030488843
A71: =DE_Base_Profile!H14 -> 8 | B71: =DE_Base_Profile!I14 -> 0.041 | C71: =IF(DE_Base_Profile!J14=1,INDEX(DE_Lookups!$B$2:$B$4,MATCH(B46,DE_Lookups!$A$2:$A$4,0)),1) -> 1 | D71: =IF(OR(D46="Air conditioning",D46="Heat pump (heating & cooling)"),IF(DE_Base_Profile!K14=1,N47,1),1)*IF(OR(D46="Electric heating",D46="Heat pump (heating & cooling)"),IF(DE_Base_Profile!L14=1,P47,1),1) -> 1 | E71: =B71*C71*D71 -> 0.041 | F71: =E71/SUM($E$63:$E$86) -> 0.034917391 | G71: =((L46+D47)/365)*F71 -> 0.33482429 | H71: =INDEX(DE_Base_Profile!$N$6:$Q$29,ROW()-62,MATCH(J46,DE_Base_Profile!$N$5:$Q$5,0)) -> 0 | I71: =(F47/365)*H71 -> 0 | J71: =(G71+I71)/(H47/365) -> 0.034917391
A72: =DE_Base_Profile!H15 -> 9 | B72: =DE_Base_Profile!I15 -> 0.0446 | C72: =IF(DE_Base_Profile!J15=1,INDEX(DE_Lookups!$B$2:$B$4,MATCH(B46,DE_Lookups!$A$2:$A$4,0)),1) -> 1.4 | D72: =IF(OR(D46="Air conditioning",D46="Heat pump (heating & cooling)"),IF(DE_Base_Profile!K15=1,N47,1),1)*IF(OR(D46="Electric heating",D46="Heat pump (heating & cooling)"),IF(DE_Base_Profile!L15=1,P47,1),1) -> 1 | E72: =B72*C72*D72 -> 0.06244 | F72: =E72/SUM($E$63:$E$86) -> 0.053176631 | G72: =((L46+D47)/365)*F72 -> 0.5099129 | H72: =INDEX(DE_Base_Profile!$N$6:$Q$29,ROW()-62,MATCH(J46,DE_Base_Profile!$N$5:$Q$5,0)) -> 0 | I72: =(F47/365)*H72 -> 0 | J72: =(G72+I72)/(H47/365) -> 0.053176631
A73: =DE_Base_Profile!H16 -> 10 | B73: =DE_Base_Profile!I16 -> 0.0474 | C73: =IF(DE_Base_Profile!J16=1,INDEX(DE_Lookups!$B$2:$B$4,MATCH(B46,DE_Lookups!$A$2:$A$4,0)),1) -> 1.4 | D73: =IF(OR(D46="Air conditioning",D46="Heat pump (heating & cooling)"),IF(DE_Base_Profile!K16=1,N47,1),1)*IF(OR(D46="Electric heating",D46="Heat pump (heating & cooling)"),IF(DE_Base_Profile!L16=1,P47,1),1) -> 1 | E73: =B73*C73*D73 -> 0.06636 | F73: =E73/SUM($E$63:$E$86) -> 0.056515074 | G73: =((L46+D47)/365)*F73 -> 0.54192537 | H73: =INDEX(DE_Base_Profile!$N$6:$Q$29,ROW()-62,MATCH(J46,DE_Base_Profile!$N$5:$Q$5,0)) -> 0 | I73: =(F47/365)*H73 -> 0 | J73: =(G73+I73)/(H47/365) -> 0.056515074
A74: =DE_Base_Profile!H17 -> 11 | B74: =DE_Base_Profile!I17 -> 0.0518 | C74: =IF(DE_Base_Profile!J17=1,INDEX(DE_Lookups!$B$2:$B$4,MATCH(B46,DE_Lookups!$A$2:$A$4,0)),1) -> 1.4 | D74: =IF(OR(D46="Air conditioning",D46="Heat pump (heating & cooling)"),IF(DE_Base_Profile!K17=1,N47,1),1)*IF(OR(D46="Electric heating",D46="Heat pump (heating & cooling)"),IF(DE_Base_Profile!L17=1,P47,1),1) -> 1 | E74: =B74*C74*D74 -> 0.07252 | F74: =E74/SUM($E$63:$E$86) -> 0.061761199 | G74: =((L46+D47)/365)*F74 -> 0.59223068 | H74: =INDEX(DE_Base_Profile!$N$6:$Q$29,ROW()-62,MATCH(J46,DE_Base_Profile!$N$5:$Q$5,0)) -> 0 | I74: =(F47/365)*H74 -> 0 | J74: =(G74+I74)/(H47/365) -> 0.061761199
A75: =DE_Base_Profile!H18 -> 12 | B75: =DE_Base_Profile!I18 -> 0.0513 | C75: =IF(DE_Base_Profile!J18=1,INDEX(DE_Lookups!$B$2:$B$4,MATCH(B46,DE_Lookups!$A$2:$A$4,0)),1) -> 1.4 | D75: =IF(OR(D46="Air conditioning",D46="Heat pump (heating & cooling)"),IF(DE_Base_Profile!K18=1,N47,1),1)*IF(OR(D46="Electric heating",D46="Heat pump (heating & cooling)"),IF(DE_Base_Profile!L18=1,P47,1),1) -> 1 | E75: =B75*C75*D75 -> 0.07182 | F75: =E75/SUM($E$63:$E$86) -> 0.061165049 | G75: =((L46+D47)/365)*F75 -> 0.58651416 | H75: =INDEX(DE_Base_Profile!$N$6:$Q$29,ROW()-62,MATCH(J46,DE_Base_Profile!$N$5:$Q$5,0)) -> 0 | I75: =(F47/365)*H75 -> 0 | J75: =(G75+I75)/(H47/365) -> 0.061165049
A76: =DE_Base_Profile!H19 -> 13 | B76: =DE_Base_Profile!I19 -> 0.0481 | C76: =IF(DE_Base_Profile!J19=1,INDEX(DE_Lookups!$B$2:$B$4,MATCH(B46,DE_Lookups!$A$2:$A$4,0)),1) -> 1.4 | D76: =IF(OR(D46="Air conditioning",D46="Heat pump (heating & cooling)"),IF(DE_Base_Profile!K19=1,N47,1),1)*IF(OR(D46="Electric heating",D46="Heat pump (heating & cooling)"),IF(DE_Base_Profile!L19=1,P47,1),1) -> 1 | E76: =B76*C76*D76 -> 0.06734 | F76: =E76/SUM($E$63:$E$86) -> 0.057349685 | G76: =((L46+D47)/365)*F76 -> 0.54992849 | H76: =INDEX(DE_Base_Profile!$N$6:$Q$29,ROW()-62,MATCH(J46,DE_Base_Profile!$N$5:$Q$5,0)) -> 0 | I76: =(F47/365)*H76 -> 0 | J76: =(G76+I76)/(H47/365) -> 0.057349685
A77: =DE_Base_Profile!H20 -> 14 | B77: =DE_Base_Profile!I20 -> 0.0459 | C77: =IF(DE_Base_Profile!J20=1,INDEX(DE_Lookups!$B$2:$B$4,MATCH(B46,DE_Lookups!$A$2:$A$4,0)),1) -> 1.4 | D77: =IF(OR(D46="Air conditioning",D46="Heat pump (heating & cooling)"),IF(DE_Base_Profile!K20=1,N47,1),1)*IF(OR(D46="Electric heating",D46="Heat pump (heating & cooling)"),IF(DE_Base_Profile!L20=1,P47,1),1) -> 1 | E77: =B77*C77*D77 -> 0.06426 | F77: =E77/SUM($E$63:$E$86) -> 0.054726622 | G77: =((L46+D47)/365)*F77 -> 0.52477583 | H77: =INDEX(DE_Base_Profile!$N$6:$Q$29,ROW()-62,MATCH(J46,DE_Base_Profile!$N$5:$Q$5,0)) -> 0 | I77: =(F47/365)*H77 -> 0 | J77: =(G77+I77)/(H47/365) -> 0.054726622
A78: =DE_Base_Profile!H21 -> 15 | B78: =DE_Base_Profile!I21 -> 0.0454 | C78: =IF(DE_Base_Profile!J21=1,INDEX(DE_Lookups!$B$2:$B$4,MATCH(B46,DE_Lookups!$A$2:$A$4,0)),1) -> 1.4 | D78: =IF(OR(D46="Air conditioning",D46="Heat pump (heating & cooling)"),IF(DE_Base_Profile!K21=1,N47,1),1)*IF(OR(D46="Electric heating",D46="Heat pump (heating & cooling)"),IF(DE_Base_Profile!L21=1,P47,1),1) -> 1 | E78: =B78*C78*D78 -> 0.06356 | F78: =E78/SUM($E$63:$E$86) -> 0.054130472 | G78: =((L46+D47)/365)*F78 -> 0.51905932 | H78: =INDEX(DE_Base_Profile!$N$6:$Q$29,ROW()-62,MATCH(J46,DE_Base_Profile!$N$5:$Q$5,0)) -> 0 | I78: =(F47/365)*H78 -> 0 | J78: =(G78+I78)/(H47/365) -> 0.054130472
A79: =DE_Base_Profile!H22 -> 16 | B79: =DE_Base_Profile!I22 -> 0.0475 | C79: =IF(DE_Base_Profile!J22=1,INDEX(DE_Lookups!$B$2:$B$4,MATCH(B46,DE_Lookups!$A$2:$A$4,0)),1) -> 1.4 | D79: =IF(OR(D46="Air conditioning",D46="Heat pump (heating & cooling)"),IF(DE_Base_Profile!K22=1,N47,1),1)*IF(OR(D46="Electric heating",D46="Heat pump (heating & cooling)"),IF(DE_Base_Profile!L22=1,P47,1),1) -> 1 | E79: =B79*C79*D79 -> 0.0665 | F79: =E79/SUM($E$63:$E$86) -> 0.056634304 | G79: =((L46+D47)/365)*F79 -> 0.54306867 | H79: =INDEX(DE_Base_Profile!$N$6:$Q$29,ROW()-62,MATCH(J46,DE_Base_Profile!$N$5:$Q$5,0)) -> 0 | I79: =(F47/365)*H79 -> 0 | J79: =(G79+I79)/(H47/365) -> 0.056634304
A80: =DE_Base_Profile!H23 -> 17 | B80: =DE_Base_Profile!I23 -> 0.0535 | C80: =IF(DE_Base_Profile!J23=1,INDEX(DE_Lookups!$B$2:$B$4,MATCH(B46,DE_Lookups!$A$2:$A$4,0)),1) -> 1.4 | D80: =IF(OR(D46="Air conditioning",D46="Heat pump (heating & cooling)"),IF(DE_Base_Profile!K23=1,N47,1),1)*IF(OR(D46="Electric heating",D46="Heat pump (heating & cooling)"),IF(DE_Base_Profile!L23=1,P47,1),1) -> 1 | E80: =B80*C80*D80 -> 0.0749 | F80: =E80/SUM($E$63:$E$86) -> 0.063788111 | G80: =((L46+D47)/365)*F80 -> 0.61166682 | H80: =INDEX(DE_Base_Profile!$N$6:$Q$29,ROW()-62,MATCH(J46,DE_Base_Profile!$N$5:$Q$5,0)) -> 0 | I80: =(F47/365)*H80 -> 0 | J80: =(G80+I80)/(H47/365) -> 0.063788111
A81: =DE_Base_Profile!H24 -> 18 | B81: =DE_Base_Profile!I24 -> 0.0587 | C81: =IF(DE_Base_Profile!J24=1,INDEX(DE_Lookups!$B$2:$B$4,MATCH(B46,DE_Lookups!$A$2:$A$4,0)),1) -> 1 | D81: =IF(OR(D46="Air conditioning",D46="Heat pump (heating & cooling)"),IF(DE_Base_Profile!K24=1,N47,1),1)*IF(OR(D46="Electric heating",D46="Heat pump (heating & cooling)"),IF(DE_Base_Profile!L24=1,P47,1),1) -> 1 | E81: =B81*C81*D81 -> 0.0587 | F81: =E81/SUM($E$63:$E$86) -> 0.049991484 | G81: =((L46+D47)/365)*F81 -> 0.47937039 | H81: =INDEX(DE_Base_Profile!$N$6:$Q$29,ROW()-62,MATCH(J46,DE_Base_Profile!$N$5:$Q$5,0)) -> 0 | I81: =(F47/365)*H81 -> 0 | J81: =(G81+I81)/(H47/365) -> 0.049991484
A82: =DE_Base_Profile!H25 -> 19 | B82: =DE_Base_Profile!I25 -> 0.0591 | C82: =IF(DE_Base_Profile!J25=1,INDEX(DE_Lookups!$B$2:$B$4,MATCH(B46,DE_Lookups!$A$2:$A$4,0)),1) -> 1 | D82: =IF(OR(D46="Air conditioning",D46="Heat pump (heating & cooling)"),IF(DE_Base_Profile!K25=1,N47,1),1)*IF(OR(D46="Electric heating",D46="Heat pump (heating & cooling)"),IF(DE_Base_Profile!L25=1,P47,1),1) -> 1 | E82: =B82*C82*D82 -> 0.0591 | F82: =E82/SUM($E$63:$E$86) -> 0.050332141 | G82: =((L46+D47)/365)*F82 -> 0.48263697 | H82: =INDEX(DE_Base_Profile!$N$6:$Q$29,ROW()-62,MATCH(J46,DE_Base_Profile!$N$5:$Q$5,0)) -> 0 | I82: =(F47/365)*H82 -> 0 | J82: =(G82+I82)/(H47/365) -> 0.050332141
A83: =DE_Base_Profile!H26 -> 20 | B83: =DE_Base_Profile!I26 -> 0.0556 | C83: =IF(DE_Base_Profile!J26=1,INDEX(DE_Lookups!$B$2:$B$4,MATCH(B46,DE_Lookups!$A$2:$A$4,0)),1) -> 1 | D83: =IF(OR(D46="Air conditioning",D46="Heat pump (heating & cooling)"),IF(DE_Base_Profile!K26=1,N47,1),1)*IF(OR(D46="Electric heating",D46="Heat pump (heating & cooling)"),IF(DE_Base_Profile!L26=1,P47,1),1) -> 1 | E83: =B83*C83*D83 -> 0.0556 | F83: =E83/SUM($E$63:$E$86) -> 0.047351388 | G83: =((L46+D47)/365)*F83 -> 0.45405441 | H83: =INDEX(DE_Base_Profile!$N$6:$Q$29,ROW()-62,MATCH(J46,DE_Base_Profile!$N$5:$Q$5,0)) -> 0 | I83: =(F47/365)*H83 -> 0 | J83: =(G83+I83)/(H47/365) -> 0.047351388
A84: =DE_Base_Profile!H27 -> 21 | B84: =DE_Base_Profile!I27 -> 0.0508 | C84: =IF(DE_Base_Profile!J27=1,INDEX(DE_Lookups!$B$2:$B$4,MATCH(B46,DE_Lookups!$A$2:$A$4,0)),1) -> 1 | D84: =IF(OR(D46="Air conditioning",D46="Heat pump (heating & cooling)"),IF(DE_Base_Profile!K27=1,N47,1),1)*IF(OR(D46="Electric heating",D46="Heat pump (heating & cooling)"),IF(DE_Base_Profile!L27=1,P47,1),1) -> 1 | E84: =B84*C84*D84 -> 0.0508 | F84: =E84/SUM($E$63:$E$86) -> 0.043263499 | G84: =((L46+D47)/365)*F84 -> 0.41485547 | H84: =INDEX(DE_Base_Profile!$N$6:$Q$29,ROW()-62,MATCH(J46,DE_Base_Profile!$N$5:$Q$5,0)) -> 0 | I84: =(F47/365)*H84 -> 0 | J84: =(G84+I84)/(H47/365) -> 0.043263499
A85: =DE_Base_Profile!H28 -> 22 | B85: =DE_Base_Profile!I28 -> 0.0451 | C85: =IF(DE_Base_Profile!J28=1,INDEX(DE_Lookups!$B$2:$B$4,MATCH(B46,DE_Lookups!$A$2:$A$4,0)),1) -> 1 | D85: =IF(OR(D46="Air conditioning",D46="Heat pump (heating & cooling)"),IF(DE_Base_Profile!K28=1,N47,1),1)*IF(OR(D46="Electric heating",D46="Heat pump (heating & cooling)"),IF(DE_Base_Profile!L28=1,P47,1),1) -> 1 | E85: =B85*C85*D85 -> 0.0451 | F85: =E85/SUM($E$63:$E$86) -> 0.03840913 | G85: =((L46+D47)/365)*F85 -> 0.36830672 | H85: =INDEX(DE_Base_Profile!$N$6:$Q$29,ROW()-62,MATCH(J46,DE_Base_Profile!$N$5:$Q$5,0)) -> 0.125 | I85: =(F47/365)*H85 -> 0 | J85: =(G85+I85)/(H47/365) -> 0.03840913
A86: =DE_Base_Profile!H29 -> 23 | B86: =DE_Base_Profile!I29 -> 0.0366 | C86: =IF(DE_Base_Profile!J29=1,INDEX(DE_Lookups!$B$2:$B$4,MATCH(B46,DE_Lookups!$A$2:$A$4,0)),1) -> 1 | D86: =IF(OR(D46="Air conditioning",D46="Heat pump (heating & cooling)"),IF(DE_Base_Profile!K29=1,N47,1),1)*IF(OR(D46="Electric heating",D46="Heat pump (heating & cooling)"),IF(DE_Base_Profile!L29=1,P47,1),1) -> 1 | E86: =B86*C86*D86 -> 0.0366 | F86: =E86/SUM($E$63:$E$86) -> 0.031170158 | G86: =((L46+D47)/365)*F86 -> 0.29889193 | H86: =INDEX(DE_Base_Profile!$N$6:$Q$29,ROW()-62,MATCH(J46,DE_Base_Profile!$N$5:$Q$5,0)) -> 0.125 | I86: =(F47/365)*H86 -> 0 | J86: =(G86+I86)/(H47/365) -> 0.031170158
A91: Occupancy | B91: =DE_Option_Monthly!C6 -> Someone always at home | C91: System | D91: =DE_Option_Monthly!D6 -> No heating or cooling system | E91: Usage | F91: =DE_Option_Monthly!E6 -> Medium | G91: EV | H91: =DE_Option_Monthly!F6 -> No electric vehicle | I91: Charge | J91: =DE_Option_Monthly!G6 -> Mostly overnight | K91: BaseAnnual | L91: =DE_Option_Monthly!$B$1 -> 3500
A92: UsageMult | B92: =INDEX(DE_Lookups!$E$2:$E$5,MATCH(F91,DE_Lookups!$D$2:$D$5,0)) -> 1 | C92: ThermalExtra | D92: =IF(OR(D91="Electric heating",D91="Heat pump (heating & cooling)"),INDEX(DE_Lookups!$L$2:$L$5,MATCH(D91,DE_Lookups!$K$2:$K$5,0))*B92,0) -> 0 | E92: EVExtra | F92: =INDEX(DE_Lookups!$O$2:$O$7,MATCH(H91,DE_Lookups!$N$2:$N$7,0))*0.18 -> 0 | G92: AnnualTotal | H92: =L91+D92+F92 -> 3500 | I92: CoolMonth | J92: =INDEX(DE_Lookups!$F$2:$F$5,MATCH(F91,DE_Lookups!$D$2:$D$5,0)) -> 1.1 | K92: HeatMonth | L92: =INDEX(DE_Lookups!$G$2:$G$5,MATCH(F91,DE_Lookups!$D$2:$D$5,0)) -> 1.15 | M92: CoolPeak | N92: =INDEX(DE_Lookups!$H$2:$H$5,MATCH(F91,DE_Lookups!$D$2:$D$5,0)) -> 1.2 | O92: HeatPeak | P92: =INDEX(DE_Lookups!$I$2:$I$5,MATCH(F91,DE_Lookups!$D$2:$D$5,0)) -> 1.15
A94: =DE_Base_Profile!A6 -> 1月 | B94: =DE_Base_Profile!B6 -> 0.0789 | C94: =L91*B94 -> 276.15 | D94: =1+IF(OR(D91="Air conditioning",D91="Heat pump (heating & cooling)"),IF(DE_Base_Profile!D6=1,J92-1,0),0)+IF(OR(D91="Electric heating",D91="Heat pump (heating & cooling)"),IF(DE_Base_Profile!E6=1,L92-1,0),0) -> 1 | E94: =C94*D94 -> 276.15 | F94: =IF(D91="Electric heating",IF(DE_Base_Profile!E6=1,B94*L92,0),IF(D91="Heat pump (heating & cooling)",IF(DE_Base_Profile!D6=1,B94*J92,0)+IF(DE_Base_Profile!E6=1,B94*L92,0),0)) -> 0 | G94: =IF(SUM($F$94:$F$105)=0,0,D92*F94/SUM($F$94:$F$105)) -> 0 | H94: =F92/12 -> 0 | I94: =E94/SUM($E$94:$E$105)*L91+G94+H94 -> 276.15 | J94: =I94/H92 -> 0.0789
A95: =DE_Base_Profile!A7 -> 2月 | B95: =DE_Base_Profile!B7 -> 0.0791 | C95: =L91*B95 -> 276.85 | D95: =1+IF(OR(D91="Air conditioning",D91="Heat pump (heating & cooling)"),IF(DE_Base_Profile!D7=1,J92-1,0),0)+IF(OR(D91="Electric heating",D91="Heat pump (heating & cooling)"),IF(DE_Base_Profile!E7=1,L92-1,0),0) -> 1 | E95: =C95*D95 -> 276.85 | F95: =IF(D91="Electric heating",IF(DE_Base_Profile!E7=1,B95*L92,0),IF(D91="Heat pump (heating & cooling)",IF(DE_Base_Profile!D7=1,B95*J92,0)+IF(DE_Base_Profile!E7=1,B95*L92,0),0)) -> 0 | G95: =IF(SUM($F$94:$F$105)=0,0,D92*F95/SUM($F$94:$F$105)) -> 0 | H95: =F92/12 -> 0 | I95: =E95/SUM($E$94:$E$105)*L91+G95+H95 -> 276.85 | J95: =I95/H92 -> 0.0791
A96: =DE_Base_Profile!A8 -> 3月 | B96: =DE_Base_Profile!B8 -> 0.0773 | C96: =L91*B96 -> 270.55 | D96: =1+IF(OR(D91="Air conditioning",D91="Heat pump (heating & cooling)"),IF(DE_Base_Profile!D8=1,J92-1,0),0)+IF(OR(D91="Electric heating",D91="Heat pump (heating & cooling)"),IF(DE_Base_Profile!E8=1,L92-1,0),0) -> 1 | E96: =C96*D96 -> 270.55 | F96: =IF(D91="Electric heating",IF(DE_Base_Profile!E8=1,B96*L92,0),IF(D91="Heat pump (heating & cooling)",IF(DE_Base_Profile!D8=1,B96*J92,0)+IF(DE_Base_Profile!E8=1,B96*L92,0),0)) -> 0 | G96: =IF(SUM($F$94:$F$105)=0,0,D92*F96/SUM($F$94:$F$105)) -> 0 | H96: =F92/12 -> 0 | I96: =E96/SUM($E$94:$E$105)*L91+G96+H96 -> 270.55 | J96: =I96/H92 -> 0.0773
A97: =DE_Base_Profile!A9 -> 4月 | B97: =DE_Base_Profile!B9 -> 0.0822 | C97: =L91*B97 -> 287.7 | D97: =1+IF(OR(D91="Air conditioning",D91="Heat pump (heating & cooling)"),IF(DE_Base_Profile!D9=1,J92-1,0),0)+IF(OR(D91="Electric heating",D91="Heat pump (heating & cooling)"),IF(DE_Base_Profile!E9=1,L92-1,0),0) -> 1 | E97: =C97*D97 -> 287.7 | F97: =IF(D91="Electric heating",IF(DE_Base_Profile!E9=1,B97*L92,0),IF(D91="Heat pump (heating & cooling)",IF(DE_Base_Profile!D9=1,B97*J92,0)+IF(DE_Base_Profile!E9=1,B97*L92,0),0)) -> 0 | G97: =IF(SUM($F$94:$F$105)=0,0,D92*F97/SUM($F$94:$F$105)) -> 0 | H97: =F92/12 -> 0 | I97: =E97/SUM($E$94:$E$105)*L91+G97+H97 -> 287.7 | J97: =I97/H92 -> 0.0822
A98: =DE_Base_Profile!A10 -> 5月 | B98: =DE_Base_Profile!B10 -> 0.0839 | C98: =L91*B98 -> 293.65 | D98: =1+IF(OR(D91="Air conditioning",D91="Heat pump (heating & cooling)"),IF(DE_Base_Profile!D10=1,J92-1,0),0)+IF(OR(D91="Electric heating",D91="Heat pump (heating & cooling)"),IF(DE_Base_Profile!E10=1,L92-1,0),0) -> 1 | E98: =C98*D98 -> 293.65 | F98: =IF(D91="Electric heating",IF(DE_Base_Profile!E10=1,B98*L92,0),IF(D91="Heat pump (heating & cooling)",IF(DE_Base_Profile!D10=1,B98*J92,0)+IF(DE_Base_Profile!E10=1,B98*L92,0),0)) -> 0 | G98: =IF(SUM($F$94:$F$105)=0,0,D92*F98/SUM($F$94:$F$105)) -> 0 | H98: =F92/12 -> 0 | I98: =E98/SUM($E$94:$E$105)*L91+G98+H98 -> 293.65 | J98: =I98/H92 -> 0.0839
A99: =DE_Base_Profile!A11 -> 6月 | B99: =DE_Base_Profile!B11 -> 0.0876 | C99: =L91*B99 -> 306.6 | D99: =1+IF(OR(D91="Air conditioning",D91="Heat pump (heating & cooling)"),IF(DE_Base_Profile!D11=1,J92-1,0),0)+IF(OR(D91="Electric heating",D91="Heat pump (heating & cooling)"),IF(DE_Base_Profile!E11=1,L92-1,0),0) -> 1 | E99: =C99*D99 -> 306.6 | F99: =IF(D91="Electric heating",IF(DE_Base_Profile!E11=1,B99*L92,0),IF(D91="Heat pump (heating & cooling)",IF(DE_Base_Profile!D11=1,B99*J92,0)+IF(DE_Base_Profile!E11=1,B99*L92,0),0)) -> 0 | G99: =IF(SUM($F$94:$F$105)=0,0,D92*F99/SUM($F$94:$F$105)) -> 0 | H99: =F92/12 -> 0 | I99: =E99/SUM($E$94:$E$105)*L91+G99+H99 -> 306.6 | J99: =I99/H92 -> 0.0876
A100: =DE_Base_Profile!A12 -> 7月 | B100: =DE_Base_Profile!B12 -> 0.0917 | C100: =L91*B100 -> 320.95 | D100: =1+IF(OR(D91="Air conditioning",D91="Heat pump (heating & cooling)"),IF(DE_Base_Profile!D12=1,J92-1,0),0)+IF(OR(D91="Electric heating",D91="Heat pump (heating & cooling)"),IF(DE_Base_Profile!E12=1,L92-1,0),0) -> 1 | E100: =C100*D100 -> 320.95 | F100: =IF(D91="Electric heating",IF(DE_Base_Profile!E12=1,B100*L92,0),IF(D91="Heat pump (heating & cooling)",IF(DE_Base_Profile!D12=1,B100*J92,0)+IF(DE_Base_Profile!E12=1,B100*L92,0),0)) -> 0 | G100: =IF(SUM($F$94:$F$105)=0,0,D92*F100/SUM($F$94:$F$105)) -> 0 | H100: =F92/12 -> 0 | I100: =E100/SUM($E$94:$E$105)*L91+G100+H100 -> 320.95 | J100: =I100/H92 -> 0.0917
A101: =DE_Base_Profile!A13 -> 8月 | B101: =DE_Base_Profile!B13 -> 0.0887 | C101: =L91*B101 -> 310.45 | D101: =1+IF(OR(D91="Air conditioning",D91="Heat pump (heating & cooling)"),IF(DE_Base_Profile!D13=1,J92-1,0),0)+IF(OR(D91="Electric heating",D91="Heat pump (heating & cooling)"),IF(DE_Base_Profile!E13=1,L92-1,0),0) -> 1 | E101: =C101*D101 -> 310.45 | F101: =IF(D91="Electric heating",IF(DE_Base_Profile!E13=1,B101*L92,0),IF(D91="Heat pump (heating & cooling)",IF(DE_Base_Profile!D13=1,B101*J92,0)+IF(DE_Base_Profile!E13=1,B101*L92,0),0)) -> 0 | G101: =IF(SUM($F$94:$F$105)=0,0,D92*F101/SUM($F$94:$F$105)) -> 0 | H101: =F92/12 -> 0 | I101: =E101/SUM($E$94:$E$105)*L91+G101+H101 -> 310.45 | J101: =I101/H92 -> 0.0887
A102: =DE_Base_Profile!A14 -> 9月 | B102: =DE_Base_Profile!B14 -> 0.0853 | C102: =L91*B102 -> 298.55 | D102: =1+IF(OR(D91="Air conditioning",D91="Heat pump (heating & cooling)"),IF(DE_Base_Profile!D14=1,J92-1,0),0)+IF(OR(D91="Electric heating",D91="Heat pump (heating & cooling)"),IF(DE_Base_Profile!E14=1,L92-1,0),0) -> 1 | E102: =C102*D102 -> 298.55 | F102: =IF(D91="Electric heating",IF(DE_Base_Profile!E14=1,B102*L92,0),IF(D91="Heat pump (heating & cooling)",IF(DE_Base_Profile!D14=1,B102*J92,0)+IF(DE_Base_Profile!E14=1,B102*L92,0),0)) -> 0 | G102: =IF(SUM($F$94:$F$105)=0,0,D92*F102/SUM($F$94:$F$105)) -> 0 | H102: =F92/12 -> 0 | I102: =E102/SUM($E$94:$E$105)*L91+G102+H102 -> 298.55 | J102: =I102/H92 -> 0.0853
A103: =DE_Base_Profile!A15 -> 10月 | B103: =DE_Base_Profile!B15 -> 0.0838 | C103: =L91*B103 -> 293.3 | D103: =1+IF(OR(D91="Air conditioning",D91="Heat pump (heating & cooling)"),IF(DE_Base_Profile!D15=1,J92-1,0),0)+IF(OR(D91="Electric heating",D91="Heat pump (heating & cooling)"),IF(DE_Base_Profile!E15=1,L92-1,0),0) -> 1 | E103: =C103*D103 -> 293.3 | F103: =IF(D91="Electric heating",IF(DE_Base_Profile!E15=1,B103*L92,0),IF(D91="Heat pump (heating & cooling)",IF(DE_Base_Profile!D15=1,B103*J92,0)+IF(DE_Base_Profile!E15=1,B103*L92,0),0)) -> 0 | G103: =IF(SUM($F$94:$F$105)=0,0,D92*F103/SUM($F$94:$F$105)) -> 0 | H103: =F92/12 -> 0 | I103: =E103/SUM($E$94:$E$105)*L91+G103+H103 -> 293.3 | J103: =I103/H92 -> 0.0838
A104: =DE_Base_Profile!A16 -> 11月 | B104: =DE_Base_Profile!B16 -> 0.0819 | C104: =L91*B104 -> 286.65 | D104: =1+IF(OR(D91="Air conditioning",D91="Heat pump (heating & cooling)"),IF(DE_Base_Profile!D16=1,J92-1,0),0)+IF(OR(D91="Electric heating",D91="Heat pump (heating & cooling)"),IF(DE_Base_Profile!E16=1,L92-1,0),0) -> 1 | E104: =C104*D104 -> 286.65 | F104: =IF(D91="Electric heating",IF(DE_Base_Profile!E16=1,B104*L92,0),IF(D91="Heat pump (heating & cooling)",IF(DE_Base_Profile!D16=1,B104*J92,0)+IF(DE_Base_Profile!E16=1,B104*L92,0),0)) -> 0 | G104: =IF(SUM($F$94:$F$105)=0,0,D92*F104/SUM($F$94:$F$105)) -> 0 | H104: =F92/12 -> 0 | I104: =E104/SUM($E$94:$E$105)*L91+G104+H104 -> 286.65 | J104: =I104/H92 -> 0.0819
A105: =DE_Base_Profile!A17 -> 12月 | B105: =DE_Base_Profile!B17 -> 0.0796 | C105: =L91*B105 -> 278.6 | D105: =1+IF(OR(D91="Air conditioning",D91="Heat pump (heating & cooling)"),IF(DE_Base_Profile!D17=1,J92-1,0),0)+IF(OR(D91="Electric heating",D91="Heat pump (heating & cooling)"),IF(DE_Base_Profile!E17=1,L92-1,0),0) -> 1 | E105: =C105*D105 -> 278.6 | F105: =IF(D91="Electric heating",IF(DE_Base_Profile!E17=1,B105*L92,0),IF(D91="Heat pump (heating & cooling)",IF(DE_Base_Profile!D17=1,B105*J92,0)+IF(DE_Base_Profile!E17=1,B105*L92,0),0)) -> 0 | G105: =IF(SUM($F$94:$F$105)=0,0,D92*F105/SUM($F$94:$F$105)) -> 0 | H105: =F92/12 -> 0 | I105: =E105/SUM($E$94:$E$105)*L91+G105+H105 -> 278.6 | J105: =I105/H92 -> 0.0796
A108: =DE_Base_Profile!H6 -> 0 | B108: =DE_Base_Profile!I6 -> 0.0301 | C108: =IF(DE_Base_Profile!J6=1,INDEX(DE_Lookups!$B$2:$B$4,MATCH(B91,DE_Lookups!$A$2:$A$4,0)),1) -> 1 | D108: =IF(OR(D91="Air conditioning",D91="Heat pump (heating & cooling)"),IF(DE_Base_Profile!K6=1,N92,1),1)*IF(OR(D91="Electric heating",D91="Heat pump (heating & cooling)"),IF(DE_Base_Profile!L6=1,P92,1),1) -> 1 | E108: =B108*C108*D108 -> 0.0301 | F108: =E108/SUM($E$108:$E$131) -> 0.027688345 | G108: =((L91+D92)/365)*F108 -> 0.26550468 | H108: =INDEX(DE_Base_Profile!$N$6:$Q$29,ROW()-107,MATCH(J91,DE_Base_Profile!$N$5:$Q$5,0)) -> 0.125 | I108: =(F92/365)*H108 -> 0 | J108: =(G108+I108)/(H92/365) -> 0.027688345
A109: =DE_Base_Profile!H7 -> 1 | B109: =DE_Base_Profile!I7 -> 0.0258 | C109: =IF(DE_Base_Profile!J7=1,INDEX(DE_Lookups!$B$2:$B$4,MATCH(B91,DE_Lookups!$A$2:$A$4,0)),1) -> 1 | D109: =IF(OR(D91="Air conditioning",D91="Heat pump (heating & cooling)"),IF(DE_Base_Profile!K7=1,N92,1),1)*IF(OR(D91="Electric heating",D91="Heat pump (heating & cooling)"),IF(DE_Base_Profile!L7=1,P92,1),1) -> 1 | E109: =B109*C109*D109 -> 0.0258 | F109: =E109/SUM($E$108:$E$131) -> 0.023732867 | G109: =((L91+D92)/365)*F109 -> 0.22757544 | H109: =INDEX(DE_Base_Profile!$N$6:$Q$29,ROW()-107,MATCH(J91,DE_Base_Profile!$N$5:$Q$5,0)) -> 0.125 | I109: =(F92/365)*H109 -> 0 | J109: =(G109+I109)/(H92/365) -> 0.023732867
A110: =DE_Base_Profile!H8 -> 2 | B110: =DE_Base_Profile!I8 -> 0.0239 | C110: =IF(DE_Base_Profile!J8=1,INDEX(DE_Lookups!$B$2:$B$4,MATCH(B91,DE_Lookups!$A$2:$A$4,0)),1) -> 1 | D110: =IF(OR(D91="Air conditioning",D91="Heat pump (heating & cooling)"),IF(DE_Base_Profile!K8=1,N92,1),1)*IF(OR(D91="Electric heating",D91="Heat pump (heating & cooling)"),IF(DE_Base_Profile!L8=1,P92,1),1) -> 1 | E110: =B110*C110*D110 -> 0.0239 | F110: =E110/SUM($E$108:$E$131) -> 0.021985098 | G110: =((L91+D92)/365)*F110 -> 0.21081601 | H110: =INDEX(DE_Base_Profile!$N$6:$Q$29,ROW()-107,MATCH(J91,DE_Base_Profile!$N$5:$Q$5,0)) -> 0.125 | I110: =(F92/365)*H110 -> 0 | J110: =(G110+I110)/(H92/365) -> 0.021985098
A111: =DE_Base_Profile!H9 -> 3 | B111: =DE_Base_Profile!I9 -> 0.0232 | C111: =IF(DE_Base_Profile!J9=1,INDEX(DE_Lookups!$B$2:$B$4,MATCH(B91,DE_Lookups!$A$2:$A$4,0)),1) -> 1 | D111: =IF(OR(D91="Air conditioning",D91="Heat pump (heating & cooling)"),IF(DE_Base_Profile!K9=1,N92,1),1)*IF(OR(D91="Electric heating",D91="Heat pump (heating & cooling)"),IF(DE_Base_Profile!L9=1,P92,1),1) -> 1 | E111: =B111*C111*D111 -> 0.0232 | F111: =E111/SUM($E$108:$E$131) -> 0.021341183 | G111: =((L91+D92)/365)*F111 -> 0.20464148 | H111: =INDEX(DE_Base_Profile!$N$6:$Q$29,ROW()-107,MATCH(J91,DE_Base_Profile!$N$5:$Q$5,0)) -> 0.125 | I111: =(F92/365)*H111 -> 0 | J111: =(G111+I111)/(H92/365) -> 0.021341183
A112: =DE_Base_Profile!H10 -> 4 | B112: =DE_Base_Profile!I10 -> 0.0236 | C112: =IF(DE_Base_Profile!J10=1,INDEX(DE_Lookups!$B$2:$B$4,MATCH(B91,DE_Lookups!$A$2:$A$4,0)),1) -> 1 | D112: =IF(OR(D91="Air conditioning",D91="Heat pump (heating & cooling)"),IF(DE_Base_Profile!K10=1,N92,1),1)*IF(OR(D91="Electric heating",D91="Heat pump (heating & cooling)"),IF(DE_Base_Profile!L10=1,P92,1),1) -> 1 | E112: =B112*C112*D112 -> 0.0236 | F112: =E112/SUM($E$108:$E$131) -> 0.021709134 | G112: =((L91+D92)/365)*F112 -> 0.20816978 | H112: =INDEX(DE_Base_Profile!$N$6:$Q$29,ROW()-107,MATCH(J91,DE_Base_Profile!$N$5:$Q$5,0)) -> 0.125 | I112: =(F92/365)*H112 -> 0 | J112: =(G112+I112)/(H92/365) -> 0.021709134
A113: =DE_Base_Profile!H11 -> 5 | B113: =DE_Base_Profile!I11 -> 0.0252 | C113: =IF(DE_Base_Profile!J11=1,INDEX(DE_Lookups!$B$2:$B$4,MATCH(B91,DE_Lookups!$A$2:$A$4,0)),1) -> 1 | D113: =IF(OR(D91="Air conditioning",D91="Heat pump (heating & cooling)"),IF(DE_Base_Profile!K11=1,N92,1),1)*IF(OR(D91="Electric heating",D91="Heat pump (heating & cooling)"),IF(DE_Base_Profile!L11=1,P92,1),1) -> 1 | E113: =B113*C113*D113 -> 0.0252 | F113: =E113/SUM($E$108:$E$131) -> 0.02318094 | G113: =((L91+D92)/365)*F113 -> 0.22228299 | H113: =INDEX(DE_Base_Profile!$N$6:$Q$29,ROW()-107,MATCH(J91,DE_Base_Profile!$N$5:$Q$5,0)) -> 0.125 | I113: =(F92/365)*H113 -> 0 | J113: =(G113+I113)/(H92/365) -> 0.02318094
A114: =DE_Base_Profile!H12 -> 6 | B114: =DE_Base_Profile!I12 -> 0.03 | C114: =IF(DE_Base_Profile!J12=1,INDEX(DE_Lookups!$B$2:$B$4,MATCH(B91,DE_Lookups!$A$2:$A$4,0)),1) -> 1 | D114: =IF(OR(D91="Air conditioning",D91="Heat pump (heating & cooling)"),IF(DE_Base_Profile!K12=1,N92,1),1)*IF(OR(D91="Electric heating",D91="Heat pump (heating & cooling)"),IF(DE_Base_Profile!L12=1,P92,1),1) -> 1 | E114: =B114*C114*D114 -> 0.03 | F114: =E114/SUM($E$108:$E$131) -> 0.027596357 | G114: =((L91+D92)/365)*F114 -> 0.2646226 | H114: =INDEX(DE_Base_Profile!$N$6:$Q$29,ROW()-107,MATCH(J91,DE_Base_Profile!$N$5:$Q$5,0)) -> 0 | I114: =(F92/365)*H114 -> 0 | J114: =(G114+I114)/(H92/365) -> 0.027596357
A115: =DE_Base_Profile!H13 -> 7 | B115: =DE_Base_Profile!I13 -> 0.0358 | C115: =IF(DE_Base_Profile!J13=1,INDEX(DE_Lookups!$B$2:$B$4,MATCH(B91,DE_Lookups!$A$2:$A$4,0)),1) -> 1 | D115: =IF(OR(D91="Air conditioning",D91="Heat pump (heating & cooling)"),IF(DE_Base_Profile!K13=1,N92,1),1)*IF(OR(D91="Electric heating",D91="Heat pump (heating & cooling)"),IF(DE_Base_Profile!L13=1,P92,1),1) -> 1 | E115: =B115*C115*D115 -> 0.0358 | F115: =E115/SUM($E$108:$E$131) -> 0.032931653 | G115: =((L91+D92)/365)*F115 -> 0.31578297 | H115: =INDEX(DE_Base_Profile!$N$6:$Q$29,ROW()-107,MATCH(J91,DE_Base_Profile!$N$5:$Q$5,0)) -> 0 | I115: =(F92/365)*H115 -> 0 | J115: =(G115+I115)/(H92/365) -> 0.032931653
A116: =DE_Base_Profile!H14 -> 8 | B116: =DE_Base_Profile!I14 -> 0.041 | C116: =IF(DE_Base_Profile!J14=1,INDEX(DE_Lookups!$B$2:$B$4,MATCH(B91,DE_Lookups!$A$2:$A$4,0)),1) -> 1 | D116: =IF(OR(D91="Air conditioning",D91="Heat pump (heating & cooling)"),IF(DE_Base_Profile!K14=1,N92,1),1)*IF(OR(D91="Electric heating",D91="Heat pump (heating & cooling)"),IF(DE_Base_Profile!L14=1,P92,1),1) -> 1 | E116: =B116*C116*D116 -> 0.041 | F116: =E116/SUM($E$108:$E$131) -> 0.037715022 | G116: =((L91+D92)/365)*F116 -> 0.36165089 | H116: =INDEX(DE_Base_Profile!$N$6:$Q$29,ROW()-107,MATCH(J91,DE_Base_Profile!$N$5:$Q$5,0)) -> 0 | I116: =(F92/365)*H116 -> 0 | J116: =(G116+I116)/(H92/365) -> 0.037715022
A117: =DE_Base_Profile!H15 -> 9 | B117: =DE_Base_Profile!I15 -> 0.0446 | C117: =IF(DE_Base_Profile!J15=1,INDEX(DE_Lookups!$B$2:$B$4,MATCH(B91,DE_Lookups!$A$2:$A$4,0)),1) -> 1.2 | D117: =IF(OR(D91="Air conditioning",D91="Heat pump (heating & cooling)"),IF(DE_Base_Profile!K15=1,N92,1),1)*IF(OR(D91="Electric heating",D91="Heat pump (heating & cooling)"),IF(DE_Base_Profile!L15=1,P92,1),1) -> 1 | E117: =B117*C117*D117 -> 0.05352 | F117: =E117/SUM($E$108:$E$131) -> 0.049231901 | G117: =((L91+D92)/365)*F117 -> 0.47208673 | H117: =INDEX(DE_Base_Profile!$N$6:$Q$29,ROW()-107,MATCH(J91,DE_Base_Profile!$N$5:$Q$5,0)) -> 0 | I117: =(F92/365)*H117 -> 0 | J117: =(G117+I117)/(H92/365) -> 0.049231901
...

Sheet 基于2025最新数据结果
A1: 基于2025版的H0家庭负载数据计算出的月占比和小时占比
A2: 数据来源：https://www.bdew.de/energie/standardlastprofile-strom/?utm_source=chatgpt.com
A3: 本地文件
A4: Annual Consumption | B4: 3500kWh
A5: 月份 | B5: 年占比 | D5: 小时 | E5: 占全天比例
A6: 1月 | B6: 0.0789 | D6: 0 | E6: 0.0301
A7: 2月 | B7: 0.0791 | D7: 1 | E7: 0.0258
A8: 3月 | B8: 0.0773 | D8: 2 | E8: 0.0239
A9: 4月 | B9: 0.0822 | D9: 3 | E9: 0.0232
A10: 5月 | B10: 0.0839 | D10: 4 | E10: 0.0236
A11: 6月 | B11: 0.0876 | D11: 5 | E11: 0.0252
A12: 7月 | B12: 0.0917 | D12: 6 | E12: 0.03
A13: 8月 | B13: 0.0887 | D13: 7 | E13: 0.0358
A14: 9月 | B14: 0.0853 | D14: 8 | E14: 0.041
A15: 10月 | B15: 0.0838 | D15: 9 | E15: 0.0446
A16: 11月 | B16: 0.0819 | D16: 10 | E16: 0.0474
A17: 12月 | B17: 0.0796 | D17: 11 | E17: 0.0518
B18: =SUM(B6:B17) -> 1 | D18: 12 | E18: 0.0513
D19: 13 | E19: 0.0481
D20: 14 | E20: 0.0459
D21: 15 | E21: 0.0454
D22: 16 | E22: 0.0475
D23: 17 | E23: 0.0535
D24: 18 | E24: 0.0587
D25: 19 | E25: 0.0591
D26: 20 | E26: 0.0556
D27: 21 | E27: 0.0508
D28: 22 | E28: 0.0451
D29: 23 | E29: 0.0366
E30: =SUM(E6:E29) -> 1

Sheet 最终提炼主干因素
A1: 干预因素（中文） | B1: UI Label | C1: UI Tooltip (English) | D1: Options (English) | E1: Default selection (English) | F1: Display rule (English) | G1: Annual kWh 干预逻辑 | H1: 基于Annual kWh干预逻辑的实时估算提示 | I1: Monthly Share 干预逻辑 | J1: 24h Shape 干预逻辑
A2: 居住占用模式 | B2: Daytime Occupancy | C2: Defines whether electricity is used during working hours (9am–5pm). | D2: Mostly away during the day Working from home Someone always at home | E2: Mostly away during the day | F2: Always shown | G2: 不影响 Annual_kWh | I2: 不改 MonthlyShare | J2: 09–17 乘系数后归一化： Mostly away×0.6； WFH×1.4； Always home×1.2； 其他时段×1.0；Normalize(HourlyShare)
A3: 供暖/制冷系统（总控） | B3: Heating and Cooling System | C3: Select the main system used to heat or cool the home. | D3: No heating or cooling system Air conditioning Electric heating Heat pump (heating & cooling) | E3: Air conditioning | F3: Always shown | G3: 仅当 Annual 来源为 location_estimate 时可自动更新；若为 user_input或账单解析时 只提示建议： Electric heating/Heat pump 可产生 AnnualDelta_kWh（国家包默认值或强度推导），AnnualDelta_kWh = BaseThermalLoad × UsageMultiplier[level]， Electric heating=3000kWh，Heat pump=2000kWh，Air conditioning only=0 | I3: 决定是否启用冷/热季节修正：（加强冷暖季节用电比例） Air conditioning → cooling season months 参与； Electric heating → heating season months 参与； Heat pump → 两者都参与 | J3: 决定是否启用冷/热峰时段修正： Cooling peak 14–19； Heating peaks 06–09 & 18–22（国家可配）
A4: 冷暖使用强度 | B4: Heating and Cooling Usage | C4: Overall heating/cooling usage intensity across the year. | D4: Low / Medium / High / Very high | E4: Medium | F4: Shown when Heating and Cooling System ≠ No heating or cooling system | G4: 影响UsageMultiplier Low=0.7 Medium=1.0 High=1.3 Very High=1.6 | H4: Estimated electricity use: ~2,000 kWh/year | I4: 对季节月乘数：（加强冷暖季节用电比例） CoolingMonthMult[level] 作用于 CoolingSeasonMonths； HeatingMonthMult[level] 作用于 HeatingSeasonMonths； 之后 Normalize(MonthlyShare) 乘数和使用强度相关，各国（或地区）对应的冷暖季节和系数 | J4: 对峰时段乘数： Cooling peak 14–19 × CoolingPeakMult[level]； Heating peaks 06–09/18–22 × HeatingPeakMult[level]； 之后 Normalize(HourlyShare)
A5: 电动车年里程 | B5: Electric Vehicle Annual Driving | C5: Estimate total EV driving distance per year. | D5: No electric vehicle / 5,000 km / 10,000 km / 15,000 km / 20,000 km / 25,000+ km | E5: No electric vehicle | F5: Always shown | G5: 若非 None：EV_Annual_kWh = Mileage × EV_efficiency（ 0.18 kWh/km） 产生 AnnualDelta_kWh += EV_Annual_kWh（遵循 Annual source 规则） | H5: Estimated electricity use: ~4,500 kWh/year | I5: EV 用电默认全年均匀加入： 把 EV_Annual_kWh/12 加到每月 kWh，再转回 share 并归一化
A6: EV 充电习惯 | B6: EV Charging Pattern | C6: When is the vehicle usually charged? | D6: Mostly overnight / Mixed day and night / Mostly daytime / Solar-optimized charging | E6: Mostly overnight | F6: Shown when Electric Vehicle Annual Driving ≠ No electric vehicle | G6: 不改变 Annual_kWh（只影响分配） | I6: 不改（默认 EV 已均匀加入各月） | J6: 生成 EV_HourlyLoad[h] 并叠加后归一化： Overnight：22–06 （EV_Daily_kWh / 8） Mixed：60%夜 +40%日（EV_Night_kWh = EV_Daily_kWh × 0.6，EV_Night_hour = EV_Night_kWh / 8； EV_Day_kWh = EV_Daily_kWh × 0.4，EV_Day_hour = EV_Day_kWh / 6） Daytime：10–16 均匀（EV_Daily_kWh / 6） Solar-optimized：EV_hour ∝ PV_hour 且 EV_hour ≤ PV_hour×SmartCap(默认0.8)，剩余转 22–06
H7: Estimated additional electricity use: +6,500 kWh/year

Sheet Cooling-Heating-Month
A1: Country / Region | B1: Level | C1: CoolingSeasonMonths | D1: HeatingSeasonMonths
A2: Australia – NSW / VIC / SA / WA | B2: State | C2: Dec–Mar | D2: Jun–Aug
A3: Australia – QLD | B3: State | C3: Oct–Apr | D3: Jun–Jul
A4: Australia – NT | B4: State | C4: Sep–Apr | D4: -
A5: Germany | B5: Country | C5: Jun–Aug | D5: Oct–Apr
A6: Netherlands | B6: Country | C6: Jun–Aug | D6: Oct–Apr
A7: Belgium | B7: Country | C7: Jun–Aug | D7: Oct–Apr
A8: Luxembourg | B8: Country | C8: Jun–Aug | D8: Oct–Apr
A9: Poland | B9: Country | C9: Jun–Aug | D9: Oct–Apr
A10: Romania | B10: Country | C10: Jun–Aug | D10: Oct–Apr
A11: France | B11: Country | C11: Jun–Sep | D11: Nov–Mar
A12: Philippines | B12: Country | C12: Jan–Dec | D12: -
... A23: Italy – South | B23: Region | C23: May–Oct | D23: Dec–Feb
A29: Usage Level | B29: CoolingMonthMult | C29: HeatingMonthMult
A30: Low | B30: 1.05 | C30: 1.05
A31: Medium | B31: 1.15 | C31: 1.2
A32: High | B32: 1.3 | C32: 1.35
A33: Very high | B33: 1.45 | C33: 1.5
A36: Usage Level | B36: PeakHourMultiplier
A37: Low | B37: 1.05
A38: Medium | B38: 1.15
A39: High | B39: 1.3
A40: Very high | B40: 1.45
